,8OJBet8E_Oo,1,1,1622906440.6361809,,2
,6-PtMv2Cz4M,0,1,1622906440.6432173,,2
,6TpyRE_juyA,0,1,1622906440.6501825,,2
,kFfhBX7ET-4,0,1,1622906440.6581795,,2
,FZ4P0UZbi9E,0,1,1622906440.6651819,,2
,KRaWnd3LJfs,0,1,1622906440.7481825,,2
,k_CVLKaslCY,0,1,1622906440.7861829,,2
,AeOWKSGA2ZU,0,1,1622906440.7941813,,2
,Kee9Et2j7DA,0,1,1622906440.808182,,2
,ZZjnfWx0cvw,0,1,1622906440.8411822,,2
,7dZmeh_28Eo,0,1,1622906440.8481827,,2
,f0tFB_Ff1xU,0,1,1622906440.873183,,2
,Wc5FsNdfzxI,0,1,1622906440.8801825,,2
,Wc5FsNdfzxI,0,1,1622906440.8901825,,2
,RjFGyhYcyEk,0,1,1622906440.8962164,,2
,lRkgBVn_-4o,0,1,1622906440.907181,,2
,VLt0Bc3WW3w,0,1,1622906441.0011835,,2
,Xwon4zhovpk,0,1,1622906441.0101821,,2
,D8W_PoAe9wo,0,1,1622906441.021218,,2
,pqdaUB-7ThQ,0,1,1622906441.028182,,2
,QN1odfjtMoo,1,1,1622906446.389377,,2
,RVH5dn1cxAQ,0,1,1622906446.4309158,,2
,XD77aMyCv0Q,0,1,1622906446.5401857,,2
,ZZjnfWx0cvw,0,1,1622906446.5481868,,2
,GWVMcigVt48,0,1,1622906446.600185,,2
,0T-BCIFeqq8,0,1,1622906446.60721,,2
,R_EiKMW5ebU,0,1,1622906446.6131876,,2
,41vY5Y0Cgio,0,1,1622906446.6291845,,2
,ssDtj1uL1Go,0,1,1622906446.6981838,,2
,iywXK9Dj2o4,0,1,1622906446.719186,,2
QN1odfjtMoo,16GpicX09gk,1,0,1622906453.8048859,60,2
QN1odfjtMoo,QN1odfjtMoo,0,0,1622906453.819799,60,2
QN1odfjtMoo,iywXK9Dj2o4,0,0,1622906453.8342845,60,2
QN1odfjtMoo,xdzr64mrzHE,0,0,1622906453.8472822,60,2
QN1odfjtMoo,0T-BCIFeqq8,0,0,1622906453.8612833,60,2
QN1odfjtMoo,qeMFqkcPYcg,0,0,1622906453.8742816,60,2
QN1odfjtMoo,ZZjnfWx0cvw,0,0,1622906453.8942826,60,2
QN1odfjtMoo,ssDtj1uL1Go,0,0,1622906453.923281,60,2
QN1odfjtMoo,GWVMcigVt48,0,0,1622906453.948795,60,2
QN1odfjtMoo,XD77aMyCv0Q,0,0,1622906453.9617972,60,2
QN1odfjtMoo,tr-yQaMbQ3o,0,0,1622906453.977799,60,2
QN1odfjtMoo,v61TqLKFnjQ,0,0,1622906454.0007954,60,2
QN1odfjtMoo,3Imsr0UldAY,0,0,1622906454.0227954,60,2
QN1odfjtMoo,QTIkudYT3mg,0,0,1622906454.0377948,60,2
QN1odfjtMoo,0lvCoQuHuBQ,0,0,1622906454.0527945,60,2
QN1odfjtMoo,5NV6Rdv1a3I,0,0,1622906454.0667946,60,2
QN1odfjtMoo,Q1i-sknFkUM,0,0,1622906454.0827947,60,2
QN1odfjtMoo,tTKuYa0MxsY,0,0,1622906454.0997949,60,2
QN1odfjtMoo,R_EiKMW5ebU,0,0,1622906454.1137955,60,2
QN1odfjtMoo,RVH5dn1cxAQ,0,0,1622906454.1277988,60,2
QN1odfjtMoo,16GpicX09gk,1,0,1622906521.0962396,60,2
QN1odfjtMoo,QN1odfjtMoo,0,0,1622906521.1109493,60,2
QN1odfjtMoo,iywXK9Dj2o4,0,0,1622906521.1229103,60,2
QN1odfjtMoo,xdzr64mrzHE,0,0,1622906521.138886,60,2
QN1odfjtMoo,0T-BCIFeqq8,0,0,1622906521.1528997,60,2
QN1odfjtMoo,qeMFqkcPYcg,0,0,1622906521.1719153,60,2
QN1odfjtMoo,ZZjnfWx0cvw,0,0,1622906521.1858997,60,2
QN1odfjtMoo,ssDtj1uL1Go,0,0,1622906521.1999347,60,2
QN1odfjtMoo,GWVMcigVt48,0,0,1622906521.2239444,60,2
QN1odfjtMoo,XD77aMyCv0Q,0,0,1622906521.2358983,60,2
QN1odfjtMoo,tr-yQaMbQ3o,0,0,1622906521.2519357,60,2
QN1odfjtMoo,v61TqLKFnjQ,0,0,1622906521.2649386,60,2
QN1odfjtMoo,3Imsr0UldAY,0,0,1622906521.2778997,60,2
QN1odfjtMoo,QTIkudYT3mg,0,0,1622906521.289951,60,2
QN1odfjtMoo,0lvCoQuHuBQ,0,0,1622906521.3029368,60,2
QN1odfjtMoo,5NV6Rdv1a3I,0,0,1622906521.3148997,60,2
QN1odfjtMoo,Q1i-sknFkUM,0,0,1622906521.3268986,60,2
QN1odfjtMoo,tTKuYa0MxsY,0,0,1622906521.3398976,60,2
QN1odfjtMoo,R_EiKMW5ebU,0,0,1622906521.3509343,60,2
QN1odfjtMoo,RVH5dn1cxAQ,0,0,1622906521.362952,60,2
QN1odfjtMoo,16GpicX09gk,1,0,1622906588.3443654,60,2
QN1odfjtMoo,QN1odfjtMoo,0,0,1622906588.3623674,60,2
QN1odfjtMoo,iywXK9Dj2o4,0,0,1622906588.3773642,60,2
QN1odfjtMoo,xdzr64mrzHE,0,0,1622906588.392364,60,2
QN1odfjtMoo,0T-BCIFeqq8,0,0,1622906588.4073646,60,2
QN1odfjtMoo,qeMFqkcPYcg,0,0,1622906588.422364,60,2
QN1odfjtMoo,ZZjnfWx0cvw,0,0,1622906588.4343626,60,2
QN1odfjtMoo,ssDtj1uL1Go,0,0,1622906588.447367,60,2
QN1odfjtMoo,GWVMcigVt48,0,0,1622906588.461364,60,2
QN1odfjtMoo,XD77aMyCv0Q,0,0,1622906588.4753642,60,2
QN1odfjtMoo,tr-yQaMbQ3o,0,0,1622906588.488366,60,2
QN1odfjtMoo,v61TqLKFnjQ,0,0,1622906588.504365,60,2
QN1odfjtMoo,3Imsr0UldAY,0,0,1622906588.5193644,60,2
QN1odfjtMoo,QTIkudYT3mg,0,0,1622906588.534366,60,2
QN1odfjtMoo,0lvCoQuHuBQ,0,0,1622906588.5483658,60,2
QN1odfjtMoo,5NV6Rdv1a3I,0,0,1622906588.5613644,60,2
QN1odfjtMoo,Q1i-sknFkUM,0,0,1622906588.575365,60,2
QN1odfjtMoo,tTKuYa0MxsY,0,0,1622906588.5893648,60,2
QN1odfjtMoo,R_EiKMW5ebU,0,0,1622906588.6033652,60,2
QN1odfjtMoo,RVH5dn1cxAQ,0,0,1622906588.6183653,60,2
,VkTNnCCKnE4,1,1,1622906638.9785147,,2
,QVJG-IDowQ8,0,1,1622906638.9865403,,2
,LkNXHsgLfZY,0,1,1622906638.9927096,,2
,hTWKbfoikeg,0,1,1622906638.9987183,,2
,Kjhf7gOLvII,0,1,1622906639.005717,,2
,41vY5Y0Cgio,0,1,1622906639.0121667,,2
,M6ZZKNPrSPw,0,1,1622906639.0187235,,2
,ZB-bmV7bLNg,0,1,1622906639.0247357,,2
,oiKj0Z_Xnjc,0,1,1622906639.030724,,2
,uW_px2l8qlU,0,1,1622906639.0367253,,2
,-dABj9R5D5s,0,1,1622906639.043761,,2
,Wc5FsNdfzxI,0,1,1622906639.04976,,2
,Wc5FsNdfzxI,0,1,1622906639.0547607,,2
,RjFGyhYcyEk,0,1,1622906639.0617254,,2
,lRkgBVn_-4o,0,1,1622906639.0677247,,2
,VLt0Bc3WW3w,0,1,1622906639.0737624,,2
,Xwon4zhovpk,0,1,1622906639.0797248,,2
,D8W_PoAe9wo,0,1,1622906639.0857244,,2
,_k9egfWvb7Y,0,1,1622906639.0907598,,2
,pVHKp6ffURY,0,1,1622906639.0977223,,2
,QN1odfjtMoo,1,1,1622906643.8357673,,2
,RVH5dn1cxAQ,0,1,1622906643.883859,,2
,XD77aMyCv0Q,0,1,1622906643.889868,,2
,ZZjnfWx0cvw,0,1,1622906643.930868,,2
,0T-BCIFeqq8,0,1,1622906644.0518713,,2
,R_EiKMW5ebU,0,1,1622906644.0578675,,2
,41vY5Y0Cgio,0,1,1622906644.116869,,2
,QTIkudYT3mg,0,1,1622906644.1248677,,2
,iywXK9Dj2o4,0,1,1622906644.1388674,,2
,Ln-zDvQT3sQ,0,1,1622906644.1498687,,2
QN1odfjtMoo,NUIDA4fDn4s,1,0,1622906651.1814795,60,2
QN1odfjtMoo,QN1odfjtMoo,0,0,1622906651.1954784,60,2
QN1odfjtMoo,iywXK9Dj2o4,0,0,1622906651.2088773,60,2
QN1odfjtMoo,ssDtj1uL1Go,0,0,1622906651.2238774,60,2
QN1odfjtMoo,xdzr64mrzHE,0,0,1622906651.2368755,60,2
QN1odfjtMoo,gXNdCWXO8AM,0,0,1622906651.251879,60,2
QN1odfjtMoo,OkLHF-CJHak,0,0,1622906651.288877,60,2
QN1odfjtMoo,0T-BCIFeqq8,0,0,1622906651.3038764,60,2
QN1odfjtMoo,ZZjnfWx0cvw,0,0,1622906651.3169127,60,2
QN1odfjtMoo,XD77aMyCv0Q,0,0,1622906651.3308768,60,2
QN1odfjtMoo,fOPGxQ4fgVw,0,0,1622906651.3448768,60,2
QN1odfjtMoo,GWVMcigVt48,0,0,1622906651.3558772,60,2
QN1odfjtMoo,16GpicX09gk,0,0,1622906651.3689172,60,2
QN1odfjtMoo,0lvCoQuHuBQ,0,0,1622906651.3818789,60,2
QN1odfjtMoo,3Imsr0UldAY,0,0,1622906651.394912,60,2
QN1odfjtMoo,RVH5dn1cxAQ,0,0,1622906651.406877,60,2
QN1odfjtMoo,Q1i-sknFkUM,0,0,1622906651.4208827,60,2
QN1odfjtMoo,7yg51iMpq4w,0,0,1622906651.432877,60,2
QN1odfjtMoo,v61TqLKFnjQ,0,0,1622906651.4459062,60,2
QN1odfjtMoo,y3T56egqXLw,0,0,1622906651.4588768,60,2
,7yg51iMpq4w,1,1,1622906729.9126005,,2
,CKhmZ5cIOoQ,0,1,1622906729.9316022,,2
,5qm8PH4xAss,0,1,1622906729.9875987,,2
,wje3YznJs2U,0,1,1622906730.010599,,2
,OSpkBEDfwu8,0,1,1622906730.0715983,,2
,_ZjNuRBvwh4,0,1,1622906730.0796034,,2
,wjHwQOpTkpA,0,1,1622906730.0885978,,2
,GWVMcigVt48,0,1,1622906730.126623,,2
,ThA3luuqefg,0,1,1622906730.1635966,,2
,bTS9XaoQ6mg,0,1,1622906730.1855981,,2
,CcBBsfwYURI,0,1,1622906730.192599,,2
,GosjLGE09_0,0,1,1622906730.2046356,,2
,Wc5FsNdfzxI,0,1,1622906730.2125995,,2
,Wc5FsNdfzxI,0,1,1622906730.2346003,,2
,RjFGyhYcyEk,0,1,1622906730.2426398,,2
,lRkgBVn_-4o,0,1,1622906730.2515993,,2
,VLt0Bc3WW3w,0,1,1622906730.3220637,,2
,Xwon4zhovpk,0,1,1622906730.3290656,,2
,D8W_PoAe9wo,0,1,1622906730.3380647,,2
,43TmnIaL3n4,0,1,1622906730.3440635,,2
,QN1odfjtMoo,1,1,1622906735.5387495,,2
,RVH5dn1cxAQ,0,1,1622906735.705785,,2
,XD77aMyCv0Q,0,1,1622906735.7897503,,2
,ZZjnfWx0cvw,0,1,1622906735.8287477,,2
,R_EiKMW5ebU,0,1,1622906735.91875,,2
QN1odfjtMoo,16GpicX09gk,1,0,1622906742.9988704,60,2
QN1odfjtMoo,QN1odfjtMoo,0,0,1622906743.0148735,60,2
QN1odfjtMoo,xdzr64mrzHE,0,0,1622906743.030873,60,2
QN1odfjtMoo,0lvCoQuHuBQ,0,0,1622906743.047063,60,2
QN1odfjtMoo,ZZjnfWx0cvw,0,0,1622906743.0620637,60,2
QN1odfjtMoo,U7-dxzp6Jvs,0,0,1622906743.074237,60,2
QN1odfjtMoo,ssDtj1uL1Go,0,0,1622906743.088353,60,2
QN1odfjtMoo,GWVMcigVt48,0,0,1622906743.101353,60,2
QN1odfjtMoo,Q1i-sknFkUM,0,0,1622906743.115368,60,2
QN1odfjtMoo,0T-BCIFeqq8,0,0,1622906743.127369,60,2
QN1odfjtMoo,fOPGxQ4fgVw,0,0,1622906743.1393683,60,2
QN1odfjtMoo,XD77aMyCv0Q,0,0,1622906743.1543674,60,2
QN1odfjtMoo,v61TqLKFnjQ,0,0,1622906743.1683676,60,2
QN1odfjtMoo,RVH5dn1cxAQ,0,0,1622906743.183368,60,2
QN1odfjtMoo,3Imsr0UldAY,0,0,1622906743.1953676,60,2
QN1odfjtMoo,y3T56egqXLw,0,0,1622906743.2073698,60,2
QN1odfjtMoo,7yg51iMpq4w,0,0,1622906743.220368,60,2
QN1odfjtMoo,lRgKkchi8pY,0,0,1622906743.2333682,60,2
QN1odfjtMoo,Z-YTVvUNkNE,0,0,1622906743.2453678,60,2
QN1odfjtMoo,iywXK9Dj2o4,0,0,1622906743.2573674,60,2
QN1odfjtMoo,16GpicX09gk,1,0,1622906810.2308075,60,2
QN1odfjtMoo,QN1odfjtMoo,0,0,1622906810.2467256,60,2
QN1odfjtMoo,xdzr64mrzHE,0,0,1622906810.2636206,60,2
QN1odfjtMoo,0lvCoQuHuBQ,0,0,1622906810.2796307,60,2
QN1odfjtMoo,ZZjnfWx0cvw,0,0,1622906810.29263,60,2
QN1odfjtMoo,U7-dxzp6Jvs,0,0,1622906810.309782,60,2
QN1odfjtMoo,ssDtj1uL1Go,0,0,1622906810.3223493,60,2
QN1odfjtMoo,GWVMcigVt48,0,0,1622906810.3385932,60,2
QN1odfjtMoo,Q1i-sknFkUM,0,0,1622906810.3535945,60,2
QN1odfjtMoo,0T-BCIFeqq8,0,0,1622906810.3665938,60,2
QN1odfjtMoo,fOPGxQ4fgVw,0,0,1622906810.3835945,60,2
QN1odfjtMoo,XD77aMyCv0Q,0,0,1622906810.3995934,60,2
QN1odfjtMoo,v61TqLKFnjQ,0,0,1622906810.4125934,60,2
QN1odfjtMoo,RVH5dn1cxAQ,0,0,1622906810.4255931,60,2
QN1odfjtMoo,3Imsr0UldAY,0,0,1622906810.4385934,60,2
QN1odfjtMoo,y3T56egqXLw,0,0,1622906810.453593,60,2
QN1odfjtMoo,7yg51iMpq4w,0,0,1622906810.4645925,60,2
QN1odfjtMoo,lRgKkchi8pY,0,0,1622906810.477593,60,2
QN1odfjtMoo,Z-YTVvUNkNE,0,0,1622906810.490594,60,2
QN1odfjtMoo,iywXK9Dj2o4,0,0,1622906810.506593,60,2
QN1odfjtMoo,16GpicX09gk,1,0,1622906877.545494,60,2
QN1odfjtMoo,QN1odfjtMoo,0,0,1622906877.559211,60,2
QN1odfjtMoo,xdzr64mrzHE,0,0,1622906877.57121,60,2
QN1odfjtMoo,0lvCoQuHuBQ,0,0,1622906877.5846102,60,2
QN1odfjtMoo,ZZjnfWx0cvw,0,0,1622906877.5966108,60,2
QN1odfjtMoo,U7-dxzp6Jvs,0,0,1622906877.6095872,60,2
QN1odfjtMoo,ssDtj1uL1Go,0,0,1622906877.6216185,60,2
QN1odfjtMoo,GWVMcigVt48,0,0,1622906877.6346204,60,2
QN1odfjtMoo,Q1i-sknFkUM,0,0,1622906877.6456223,60,2
QN1odfjtMoo,0T-BCIFeqq8,0,0,1622906877.6585867,60,2
QN1odfjtMoo,fOPGxQ4fgVw,0,0,1622906877.6706126,60,2
QN1odfjtMoo,XD77aMyCv0Q,0,0,1622906877.6835873,60,2
QN1odfjtMoo,v61TqLKFnjQ,0,0,1622906877.6955862,60,2
QN1odfjtMoo,RVH5dn1cxAQ,0,0,1622906877.7065861,60,2
QN1odfjtMoo,3Imsr0UldAY,0,0,1622906877.7186215,60,2
QN1odfjtMoo,y3T56egqXLw,0,0,1622906877.730622,60,2
QN1odfjtMoo,7yg51iMpq4w,0,0,1622906877.7416215,60,2
QN1odfjtMoo,lRgKkchi8pY,0,0,1622906877.7535865,60,2
QN1odfjtMoo,Z-YTVvUNkNE,0,0,1622906877.765622,60,2
QN1odfjtMoo,iywXK9Dj2o4,0,0,1622906877.77959,60,2
,KDXOzr0GoA4,1,1,1622906969.7292898,,2
,tmomY-HjM74,0,1,1622906969.7506511,,2
,pqdaUB-7ThQ,0,1,1622906969.7735586,,2
,30NNLlvZk8k,0,1,1622906969.7810874,,2
,_S7WEVLbQ-Y,0,1,1622906969.7880523,,2
,-b-9m3sw4Dg,0,1,1622906969.7950528,,2
,QN1odfjtMoo,0,1,1622906969.8020878,,2
,XZcfVWSOK34,0,1,1622906969.8080873,,2
,L3wKzyIN1yk,0,1,1622906969.8140526,,2
,dzsuE5ugxf4,0,1,1622906969.820087,,2
,xdzr64mrzHE,0,1,1622906969.8270519,,2
,3LopI4YeC4I,0,1,1622906969.8330507,,2
,Wc5FsNdfzxI,0,1,1622906969.8390877,,2
,Wc5FsNdfzxI,0,1,1622906969.8450534,,2
,RjFGyhYcyEk,0,1,1622906969.8520873,,2
,lRkgBVn_-4o,0,1,1622906969.8580868,,2
,VLt0Bc3WW3w,0,1,1622906969.8640878,,2
,Xwon4zhovpk,0,1,1622906969.8700857,,2
,D8W_PoAe9wo,0,1,1622906969.875087,,2
,7E-jwFCYqb4,0,1,1622906969.8820906,,2
,QN1odfjtMoo,1,1,1622906976.4177623,,2
,RVH5dn1cxAQ,0,1,1622906976.4237545,,2
,ZZjnfWx0cvw,0,1,1622906976.4317546,,2
,XD77aMyCv0Q,0,1,1622906976.4387662,,2
,R_EiKMW5ebU,0,1,1622906976.445683,,2
,iywXK9Dj2o4,0,1,1622906976.5176845,,2
,41vY5Y0Cgio,0,1,1622906976.5376847,,2
,0T-BCIFeqq8,0,1,1622906976.547681,,2
,Ln-zDvQT3sQ,0,1,1622906976.5697176,,2
,HdvPosu0gsw,0,1,1622906976.592702,,2
,9mL6Cmkg2_A,0,1,1622906976.6176848,,2
,cIuYFCAJ2a8,0,1,1622906976.6246858,,2
,cIuYFCAJ2a8,0,1,1622906976.6597118,,2
,OkLHF-CJHak,0,1,1622906976.6977088,,2
,smPu2RIXc_A,0,1,1622906976.7056828,,2
,y3T56egqXLw,0,1,1622906976.723719,,2
,QTIkudYT3mg,0,1,1622906976.7486846,,2
,M6ZZKNPrSPw,0,1,1622906976.758687,,2
,GWVMcigVt48,0,1,1622906976.7826834,,2
,WKuVr21tR7A,0,1,1622906976.8086824,,2
QN1odfjtMoo,0Upt-ddaw04,1,0,1622906986.359615,20,2
QN1odfjtMoo,QN1odfjtMoo,0,0,1622906986.3717551,20,2
QN1odfjtMoo,iywXK9Dj2o4,0,0,1622906986.3847542,20,2
QN1odfjtMoo,xdzr64mrzHE,0,0,1622906986.3977714,20,2
QN1odfjtMoo,0T-BCIFeqq8,0,0,1622906986.4107723,20,2
QN1odfjtMoo,ALZHF5UqnU4,0,0,1622906986.422774,20,2
QN1odfjtMoo,ZZjnfWx0cvw,0,0,1622906986.4347718,20,2
QN1odfjtMoo,ssDtj1uL1Go,0,0,1622906986.4467716,20,2
QN1odfjtMoo,NUIDA4fDn4s,0,0,1622906986.4587715,20,2
QN1odfjtMoo,v61TqLKFnjQ,0,0,1622906986.4707735,20,2
QN1odfjtMoo,fOPGxQ4fgVw,0,0,1622906986.4827714,20,2
QN1odfjtMoo,XD77aMyCv0Q,0,0,1622906986.4957716,20,2
QN1odfjtMoo,16GpicX09gk,0,0,1622906986.507772,20,2
QN1odfjtMoo,0lvCoQuHuBQ,0,0,1622906986.5197716,20,2
QN1odfjtMoo,GWVMcigVt48,0,0,1622906986.5317714,20,2
QN1odfjtMoo,U7-dxzp6Jvs,0,0,1622906986.5437722,20,2
QN1odfjtMoo,3Imsr0UldAY,0,0,1622906986.5547714,20,2
QN1odfjtMoo,Q1i-sknFkUM,0,0,1622906986.5667713,20,2
QN1odfjtMoo,QTIkudYT3mg,0,0,1622906986.578771,20,2
QN1odfjtMoo,Z-YTVvUNkNE,0,0,1622906986.5917718,20,2
QN1odfjtMoo,0Upt-ddaw04,1,0,1622907013.5351658,20,2
QN1odfjtMoo,QN1odfjtMoo,0,0,1622907013.5471659,20,2
QN1odfjtMoo,iywXK9Dj2o4,0,0,1622907013.5609295,20,2
QN1odfjtMoo,xdzr64mrzHE,0,0,1622907013.5730345,20,2
QN1odfjtMoo,0T-BCIFeqq8,0,0,1622907013.5857325,20,2
QN1odfjtMoo,ALZHF5UqnU4,0,0,1622907013.597891,20,2
QN1odfjtMoo,ZZjnfWx0cvw,0,0,1622907013.6094978,20,2
QN1odfjtMoo,ssDtj1uL1Go,0,0,1622907013.6220434,20,2
QN1odfjtMoo,NUIDA4fDn4s,0,0,1622907013.6350937,20,2
QN1odfjtMoo,v61TqLKFnjQ,0,0,1622907013.6480675,20,2
QN1odfjtMoo,fOPGxQ4fgVw,0,0,1622907013.6600416,20,2
QN1odfjtMoo,XD77aMyCv0Q,0,0,1622907013.6720414,20,2
QN1odfjtMoo,16GpicX09gk,0,0,1622907013.6840417,20,2
QN1odfjtMoo,0lvCoQuHuBQ,0,0,1622907013.6950421,20,2
QN1odfjtMoo,GWVMcigVt48,0,0,1622907013.7070415,20,2
QN1odfjtMoo,U7-dxzp6Jvs,0,0,1622907013.719041,20,2
QN1odfjtMoo,3Imsr0UldAY,0,0,1622907013.7300415,20,2
QN1odfjtMoo,Q1i-sknFkUM,0,0,1622907013.7410414,20,2
QN1odfjtMoo,QTIkudYT3mg,0,0,1622907013.7530415,20,2
QN1odfjtMoo,Z-YTVvUNkNE,0,0,1622907013.7660415,20,2
QN1odfjtMoo,0Upt-ddaw04,1,0,1622907040.7829497,20,2
QN1odfjtMoo,QN1odfjtMoo,0,0,1622907040.8008082,20,2
QN1odfjtMoo,iywXK9Dj2o4,0,0,1622907040.8148427,20,2
QN1odfjtMoo,xdzr64mrzHE,0,0,1622907040.8298085,20,2
QN1odfjtMoo,0T-BCIFeqq8,0,0,1622907040.8438094,20,2
QN1odfjtMoo,ALZHF5UqnU4,0,0,1622907040.8578074,20,2
QN1odfjtMoo,ZZjnfWx0cvw,0,0,1622907040.8718076,20,2
QN1odfjtMoo,ssDtj1uL1Go,0,0,1622907040.8848076,20,2
QN1odfjtMoo,NUIDA4fDn4s,0,0,1622907040.8958077,20,2
QN1odfjtMoo,v61TqLKFnjQ,0,0,1622907040.9088068,20,2
QN1odfjtMoo,fOPGxQ4fgVw,0,0,1622907040.9208088,20,2
QN1odfjtMoo,XD77aMyCv0Q,0,0,1622907040.9328086,20,2
QN1odfjtMoo,16GpicX09gk,0,0,1622907040.9458055,20,2
QN1odfjtMoo,0lvCoQuHuBQ,0,0,1622907040.9578078,20,2
QN1odfjtMoo,GWVMcigVt48,0,0,1622907040.9698071,20,2
QN1odfjtMoo,U7-dxzp6Jvs,0,0,1622907040.9818065,20,2
QN1odfjtMoo,3Imsr0UldAY,0,0,1622907040.9968083,20,2
QN1odfjtMoo,Q1i-sknFkUM,0,0,1622907041.0088077,20,2
QN1odfjtMoo,QTIkudYT3mg,0,0,1622907041.0208077,20,2
QN1odfjtMoo,Z-YTVvUNkNE,0,0,1622907041.0338073,20,2
,b8IiRyuI11A,1,1,1622907249.015423,,2
,pVHKp6ffURY,0,1,1622907249.0224214,,2
,UKpMhn07cxA,0,1,1622907249.0304234,,2
,S_xH7noaqTA,0,1,1622907249.038422,,2
,QN1odfjtMoo,0,1,1622907249.0454354,,2
,kFfhBX7ET-4,0,1,1622907249.0564213,,2
,uErRhfJ0Cr0,0,1,1622907249.063427,,2
,84XS4CH5cOk,0,1,1622907249.071423,,2
,41vY5Y0Cgio,0,1,1622907249.0774558,,2
,9EcjWd-O4jI,0,1,1622907249.0844226,,2
,ZC_CPD317GE,0,1,1622907249.0914567,,2
,Wc5FsNdfzxI,0,1,1622907249.0984502,,2
,Wc5FsNdfzxI,0,1,1622907249.1044228,,2
,RjFGyhYcyEk,0,1,1622907249.110424,,2
,lRkgBVn_-4o,0,1,1622907249.1174226,,2
,VLt0Bc3WW3w,0,1,1622907249.1234221,,2
,Xwon4zhovpk,0,1,1622907249.1304257,,2
,NVhmq-pB_cs,0,1,1622907249.1364224,,2
,ILAiw5GQckg,0,1,1622907249.1414568,,2
,f0tFB_Ff1xU,0,1,1622907249.1494596,,2
,QN1odfjtMoo,1,1,1622907253.85339,,2
,RVH5dn1cxAQ,0,1,1622907253.8914242,,2
,XD77aMyCv0Q,0,1,1622907254.0248885,,2
,ZZjnfWx0cvw,0,1,1622907254.0738783,,2
,R_EiKMW5ebU,0,1,1622907254.1139107,,2
,iywXK9Dj2o4,0,1,1622907254.1818893,,2
,9mL6Cmkg2_A,0,1,1622907254.1878874,,2
QN1odfjtMoo,16GpicX09gk,1,0,1622907261.34076,20,2
QN1odfjtMoo,QN1odfjtMoo,0,0,1622907261.353669,20,2
QN1odfjtMoo,0Upt-ddaw04,0,0,1622907261.3668625,20,2
QN1odfjtMoo,iywXK9Dj2o4,0,0,1622907261.3798442,20,2
QN1odfjtMoo,xdzr64mrzHE,0,0,1622907261.3948429,20,2
QN1odfjtMoo,fOPGxQ4fgVw,0,0,1622907261.4068463,20,2
QN1odfjtMoo,ZZjnfWx0cvw,0,0,1622907261.4198446,20,2
QN1odfjtMoo,ssDtj1uL1Go,0,0,1622907261.433875,20,2
QN1odfjtMoo,0T-BCIFeqq8,0,0,1622907261.445872,20,2
QN1odfjtMoo,GWVMcigVt48,0,0,1622907261.4588737,20,2
QN1odfjtMoo,U7-dxzp6Jvs,0,0,1622907261.4708445,20,2
QN1odfjtMoo,XD77aMyCv0Q,0,0,1622907261.4828677,20,2
QN1odfjtMoo,NUIDA4fDn4s,0,0,1622907261.495871,20,2
QN1odfjtMoo,3Imsr0UldAY,0,0,1622907261.5078795,20,2
QN1odfjtMoo,v61TqLKFnjQ,0,0,1622907261.5188866,20,2
QN1odfjtMoo,0lvCoQuHuBQ,0,0,1622907261.5308447,20,2
QN1odfjtMoo,Q1i-sknFkUM,0,0,1622907261.5428445,20,2
QN1odfjtMoo,7yg51iMpq4w,0,0,1622907261.5548465,20,2
QN1odfjtMoo,lRgKkchi8pY,0,0,1622907261.5678449,20,2
QN1odfjtMoo,tTKuYa0MxsY,0,0,1622907261.5808787,20,2
QN1odfjtMoo,16GpicX09gk,1,0,1622907288.9817293,20,2
QN1odfjtMoo,QN1odfjtMoo,0,0,1622907288.9946856,20,2
QN1odfjtMoo,0Upt-ddaw04,0,0,1622907289.0064805,20,2
QN1odfjtMoo,iywXK9Dj2o4,0,0,1622907289.0217812,20,2
QN1odfjtMoo,xdzr64mrzHE,0,0,1622907289.034372,20,2
QN1odfjtMoo,fOPGxQ4fgVw,0,0,1622907289.0467443,20,2
QN1odfjtMoo,ZZjnfWx0cvw,0,0,1622907289.0597446,20,2
QN1odfjtMoo,ssDtj1uL1Go,0,0,1622907289.071744,20,2
QN1odfjtMoo,0T-BCIFeqq8,0,0,1622907289.0827441,20,2
QN1odfjtMoo,GWVMcigVt48,0,0,1622907289.094744,20,2
QN1odfjtMoo,U7-dxzp6Jvs,0,0,1622907289.106744,20,2
QN1odfjtMoo,XD77aMyCv0Q,0,0,1622907289.1187444,20,2
QN1odfjtMoo,NUIDA4fDn4s,0,0,1622907289.1297443,20,2
QN1odfjtMoo,3Imsr0UldAY,0,0,1622907289.1427445,20,2
QN1odfjtMoo,v61TqLKFnjQ,0,0,1622907289.1547434,20,2
QN1odfjtMoo,0lvCoQuHuBQ,0,0,1622907289.1667428,20,2
QN1odfjtMoo,Q1i-sknFkUM,0,0,1622907289.1797445,20,2
QN1odfjtMoo,7yg51iMpq4w,0,0,1622907289.192744,20,2
QN1odfjtMoo,lRgKkchi8pY,0,0,1622907289.2047439,20,2
QN1odfjtMoo,tTKuYa0MxsY,0,0,1622907289.2167444,20,2
,NMvMR-jNSKg,1,1,1622907329.609598,,2
,KBS10ePLFXE,0,1,1622907329.6185973,,2
,jolbbiInORo,0,1,1622907329.6267207,,2
,3Imsr0UldAY,0,1,1622907329.6353123,,2
,1n5nOEJtrYA,0,1,1622907329.6423342,,2
,SH_xyi_EdMc,0,1,1622907329.649367,,2
,Hp8smSHmfn4,0,1,1622907329.6565802,,2
,p-Z3YrHJ1sU,0,1,1622907329.6635876,,2
,ob9bQb5oqbI,0,1,1622907329.671589,,2
,ZZjnfWx0cvw,0,1,1622907329.6765893,,2
,7_weSk0BonM,0,1,1622907329.6835885,,2
,Wc5FsNdfzxI,0,1,1622907329.6905892,,2
,Wc5FsNdfzxI,0,1,1622907329.6975887,,2
,RjFGyhYcyEk,0,1,1622907329.703589,,2
,lRkgBVn_-4o,0,1,1622907329.7095888,,2
,VLt0Bc3WW3w,0,1,1622907329.7155886,,2
,Xwon4zhovpk,0,1,1622907329.7205894,,2
,NVhmq-pB_cs,0,1,1622907329.7275882,,2
,3nxXrHZ2HL4,0,1,1622907329.7325892,,2
,OD3F7J2PeYU,0,1,1622907329.7385886,,2
,QN1odfjtMoo,1,1,1622907334.3642712,,2
,RVH5dn1cxAQ,0,1,1622907334.4342797,,2
,XD77aMyCv0Q,0,1,1622907334.5642712,,2
,R_EiKMW5ebU,0,1,1622907334.6612887,,2
,ZZjnfWx0cvw,0,1,1622907334.693288,,2
,iywXK9Dj2o4,0,1,1622907334.730287,,2
,HdvPosu0gsw,0,1,1622907334.7942863,,2
QN1odfjtMoo,16GpicX09gk,1,0,1622907341.8089967,20,2
QN1odfjtMoo,QN1odfjtMoo,0,0,1622907341.8239238,20,2
QN1odfjtMoo,OkLHF-CJHak,0,0,1622907341.837663,20,2
QN1odfjtMoo,ZZjnfWx0cvw,0,0,1622907341.8506644,20,2
QN1odfjtMoo,xdzr64mrzHE,0,0,1622907341.8636649,20,2
QN1odfjtMoo,pZ--jzVEIUQ,0,0,1622907341.8766646,20,2
QN1odfjtMoo,ssDtj1uL1Go,0,0,1622907341.8896909,20,2
QN1odfjtMoo,0lvCoQuHuBQ,0,0,1622907341.903664,20,2
QN1odfjtMoo,XD77aMyCv0Q,0,0,1622907341.9166644,20,2
QN1odfjtMoo,0Upt-ddaw04,0,0,1622907341.9276643,20,2
QN1odfjtMoo,NUIDA4fDn4s,0,0,1622907341.9406643,20,2
QN1odfjtMoo,v61TqLKFnjQ,0,0,1622907341.9526641,20,2
QN1odfjtMoo,GWVMcigVt48,0,0,1622907341.964664,20,2
QN1odfjtMoo,RVH5dn1cxAQ,0,0,1622907341.975664,20,2
QN1odfjtMoo,0T-BCIFeqq8,0,0,1622907341.9896643,20,2
QN1odfjtMoo,Z-YTVvUNkNE,0,0,1622907342.001664,20,2
QN1odfjtMoo,y3T56egqXLw,0,0,1622907342.013664,20,2
QN1odfjtMoo,lRgKkchi8pY,0,0,1622907342.0246625,20,2
QN1odfjtMoo,R_EiKMW5ebU,0,0,1622907342.0376642,20,2
QN1odfjtMoo,Q1i-sknFkUM,0,0,1622907342.0506637,20,2
QN1odfjtMoo,16GpicX09gk,1,0,1622907369.0239413,20,2
QN1odfjtMoo,QN1odfjtMoo,0,0,1622907369.0366027,20,2
QN1odfjtMoo,OkLHF-CJHak,0,0,1622907369.0489686,20,2
QN1odfjtMoo,ZZjnfWx0cvw,0,0,1622907369.0619671,20,2
QN1odfjtMoo,xdzr64mrzHE,0,0,1622907369.0753782,20,2
QN1odfjtMoo,pZ--jzVEIUQ,0,0,1622907369.0894427,20,2
QN1odfjtMoo,ssDtj1uL1Go,0,0,1622907369.1014082,20,2
QN1odfjtMoo,0lvCoQuHuBQ,0,0,1622907369.1154077,20,2
QN1odfjtMoo,XD77aMyCv0Q,0,0,1622907369.1274087,20,2
QN1odfjtMoo,0Upt-ddaw04,0,0,1622907369.141408,20,2
QN1odfjtMoo,NUIDA4fDn4s,0,0,1622907369.1544077,20,2
QN1odfjtMoo,v61TqLKFnjQ,0,0,1622907369.1664073,20,2
QN1odfjtMoo,GWVMcigVt48,0,0,1622907369.1794076,20,2
QN1odfjtMoo,RVH5dn1cxAQ,0,0,1622907369.1924074,20,2
QN1odfjtMoo,0T-BCIFeqq8,0,0,1622907369.2044086,20,2
QN1odfjtMoo,Z-YTVvUNkNE,0,0,1622907369.2154078,20,2
QN1odfjtMoo,y3T56egqXLw,0,0,1622907369.2284079,20,2
QN1odfjtMoo,lRgKkchi8pY,0,0,1622907369.2404075,20,2
QN1odfjtMoo,R_EiKMW5ebU,0,0,1622907369.2524078,20,2
QN1odfjtMoo,Q1i-sknFkUM,0,0,1622907369.2644083,20,2
QN1odfjtMoo,16GpicX09gk,1,0,1622907396.1980834,20,2
QN1odfjtMoo,QN1odfjtMoo,0,0,1622907396.2120497,20,2
QN1odfjtMoo,OkLHF-CJHak,0,0,1622907396.2262604,20,2
QN1odfjtMoo,ZZjnfWx0cvw,0,0,1622907396.2407389,20,2
QN1odfjtMoo,xdzr64mrzHE,0,0,1622907396.2547379,20,2
QN1odfjtMoo,pZ--jzVEIUQ,0,0,1622907396.2707388,20,2
QN1odfjtMoo,ssDtj1uL1Go,0,0,1622907396.2847385,20,2
QN1odfjtMoo,0lvCoQuHuBQ,0,0,1622907396.2967384,20,2
QN1odfjtMoo,XD77aMyCv0Q,0,0,1622907396.3097396,20,2
QN1odfjtMoo,0Upt-ddaw04,0,0,1622907396.322739,20,2
QN1odfjtMoo,NUIDA4fDn4s,0,0,1622907396.3347383,20,2
QN1odfjtMoo,v61TqLKFnjQ,0,0,1622907396.347739,20,2
QN1odfjtMoo,GWVMcigVt48,0,0,1622907396.3607385,20,2
QN1odfjtMoo,RVH5dn1cxAQ,0,0,1622907396.3727386,20,2
QN1odfjtMoo,0T-BCIFeqq8,0,0,1622907396.3867385,20,2
QN1odfjtMoo,Z-YTVvUNkNE,0,0,1622907396.3997383,20,2
QN1odfjtMoo,y3T56egqXLw,0,0,1622907396.4127383,20,2
QN1odfjtMoo,lRgKkchi8pY,0,0,1622907396.4247384,20,2
QN1odfjtMoo,R_EiKMW5ebU,0,0,1622907396.438738,20,2
QN1odfjtMoo,Q1i-sknFkUM,0,0,1622907396.4517386,20,2
,QN1odfjtMoo&list=RDQN1odfjtMoo&start_radio=1,1,1,1622907493.1839402,,2
,XD77aMyCv0Q,0,1,1622907493.2149415,,2
,saTZ6TRS_HE,0,1,1622907493.2389402,,2
,cbB3iGRHtqA,0,1,1622907493.2509398,,2
,4Wb9GXPjrKQ,0,1,1622907493.335939,,2
,OasjwepNJyI,0,1,1622907493.3429494,,2
,5dWeeUIZFgA,0,1,1622907493.3509417,,2
,Mwt35SEeR9w,0,1,1622907493.356941,,2
,F__P2-iVinU,0,1,1622907493.3829741,,2
,VLASqg-sUzk,0,1,1622907493.4129388,,2
,ZWKpPDI1M-o,0,1,1622907493.4259524,,2
,AeJ9q45PfD0,0,1,1622907493.4549382,,2
,Wc5FsNdfzxI,0,1,1622907493.4649787,,2
,Wc5FsNdfzxI,0,1,1622907493.5539386,,2
,RjFGyhYcyEk,0,1,1622907493.5649388,,2
,lRkgBVn_-4o,0,1,1622907493.5739412,,2
,VLt0Bc3WW3w,0,1,1622907493.587941,,2
,Xwon4zhovpk,0,1,1622907493.5989459,,2
,U9OQAySv184,0,1,1622907493.605944,,2
,Q1i-sknFkUM,0,1,1622907493.616939,,2
,QN1odfjtMoo,1,1,1622907498.727392,,2
,RVH5dn1cxAQ,0,1,1622907498.778425,,2
,XD77aMyCv0Q,0,1,1622907498.78639,,2
,R_EiKMW5ebU,0,1,1622907498.822425,,2
,iywXK9Dj2o4,0,1,1622907498.9293883,,2
,ZZjnfWx0cvw,0,1,1622907498.9354246,,2
,HdvPosu0gsw,0,1,1622907498.9693904,,2
,cIuYFCAJ2a8,0,1,1622907499.0033894,,2
,cIuYFCAJ2a8,0,1,1622907499.0503895,,2
,CcBBsfwYURI,0,1,1622907499.0803885,,2
,y3T56egqXLw,0,1,1622907499.1643891,,2
,U7-dxzp6Jvs,0,1,1622907499.1733935,,2
QN1odfjtMoo,16GpicX09gk,1,0,1622907506.1149151,20,2
QN1odfjtMoo,QN1odfjtMoo,0,0,1622907506.128913,20,2
QN1odfjtMoo,NUIDA4fDn4s,0,0,1622907506.1429038,20,2
QN1odfjtMoo,ZZjnfWx0cvw,0,0,1622907506.1559088,20,2
QN1odfjtMoo,ssDtj1uL1Go,0,0,1622907506.1709104,20,2
QN1odfjtMoo,U7-dxzp6Jvs,0,0,1622907506.1859107,20,2
QN1odfjtMoo,xdzr64mrzHE,0,0,1622907506.19891,20,2
QN1odfjtMoo,XD77aMyCv0Q,0,0,1622907506.2119126,20,2
QN1odfjtMoo,0T-BCIFeqq8,0,0,1622907506.2249098,20,2
QN1odfjtMoo,0Upt-ddaw04,0,0,1622907506.2379098,20,2
QN1odfjtMoo,fOPGxQ4fgVw,0,0,1622907506.249907,20,2
QN1odfjtMoo,RVH5dn1cxAQ,0,0,1622907506.2619114,20,2
QN1odfjtMoo,v61TqLKFnjQ,0,0,1622907506.2759087,20,2
QN1odfjtMoo,iywXK9Dj2o4,0,0,1622907506.2879107,20,2
QN1odfjtMoo,0lvCoQuHuBQ,0,0,1622907506.2999077,20,2
QN1odfjtMoo,0WC-S-ZBDF0,0,0,1622907506.3119066,20,2
QN1odfjtMoo,3Imsr0UldAY,0,0,1622907506.3239071,20,2
QN1odfjtMoo,Q1i-sknFkUM,0,0,1622907506.3359313,20,2
QN1odfjtMoo,lRgKkchi8pY,0,0,1622907506.3489323,20,2
QN1odfjtMoo,Z-YTVvUNkNE,0,0,1622907506.3639328,20,2
QN1odfjtMoo,16GpicX09gk,1,0,1622907534.000225,20,2
QN1odfjtMoo,QN1odfjtMoo,0,0,1622907534.0147164,20,2
QN1odfjtMoo,NUIDA4fDn4s,0,0,1622907534.029518,20,2
QN1odfjtMoo,ZZjnfWx0cvw,0,0,1622907534.0435002,20,2
QN1odfjtMoo,ssDtj1uL1Go,0,0,1622907534.0575042,20,2
QN1odfjtMoo,U7-dxzp6Jvs,0,0,1622907534.0715013,20,2
QN1odfjtMoo,xdzr64mrzHE,0,0,1622907534.0845263,20,2
QN1odfjtMoo,XD77aMyCv0Q,0,0,1622907534.0964992,20,2
QN1odfjtMoo,0T-BCIFeqq8,0,0,1622907534.1084998,20,2
QN1odfjtMoo,0Upt-ddaw04,0,0,1622907534.120527,20,2
QN1odfjtMoo,fOPGxQ4fgVw,0,0,1622907534.1314995,20,2
QN1odfjtMoo,RVH5dn1cxAQ,0,0,1622907534.1445503,20,2
QN1odfjtMoo,v61TqLKFnjQ,0,0,1622907534.1564996,20,2
QN1odfjtMoo,iywXK9Dj2o4,0,0,1622907534.167542,20,2
QN1odfjtMoo,0lvCoQuHuBQ,0,0,1622907534.1795003,20,2
QN1odfjtMoo,0WC-S-ZBDF0,0,0,1622907534.1914997,20,2
QN1odfjtMoo,3Imsr0UldAY,0,0,1622907534.2035,20,2
QN1odfjtMoo,Q1i-sknFkUM,0,0,1622907534.2154999,20,2
QN1odfjtMoo,lRgKkchi8pY,0,0,1622907534.2285001,20,2
QN1odfjtMoo,Z-YTVvUNkNE,0,0,1622907534.2405257,20,2
QN1odfjtMoo,16GpicX09gk,1,0,1622907561.2707899,20,2
QN1odfjtMoo,QN1odfjtMoo,0,0,1622907561.2864444,20,2
QN1odfjtMoo,NUIDA4fDn4s,0,0,1622907561.298444,20,2
QN1odfjtMoo,ZZjnfWx0cvw,0,0,1622907561.3121557,20,2
QN1odfjtMoo,ssDtj1uL1Go,0,0,1622907561.3241553,20,2
QN1odfjtMoo,U7-dxzp6Jvs,0,0,1622907561.3371537,20,2
QN1odfjtMoo,xdzr64mrzHE,0,0,1622907561.349194,20,2
QN1odfjtMoo,XD77aMyCv0Q,0,0,1622907561.3622055,20,2
QN1odfjtMoo,0T-BCIFeqq8,0,0,1622907561.3742054,20,2
QN1odfjtMoo,0Upt-ddaw04,0,0,1622907561.3862352,20,2
QN1odfjtMoo,fOPGxQ4fgVw,0,0,1622907561.3982053,20,2
QN1odfjtMoo,RVH5dn1cxAQ,0,0,1622907561.410205,20,2
QN1odfjtMoo,v61TqLKFnjQ,0,0,1622907561.422204,20,2
QN1odfjtMoo,iywXK9Dj2o4,0,0,1622907561.4332056,20,2
QN1odfjtMoo,0lvCoQuHuBQ,0,0,1622907561.4442303,20,2
QN1odfjtMoo,0WC-S-ZBDF0,0,0,1622907561.4572043,20,2
QN1odfjtMoo,3Imsr0UldAY,0,0,1622907561.4682384,20,2
QN1odfjtMoo,Q1i-sknFkUM,0,0,1622907561.4802058,20,2
QN1odfjtMoo,lRgKkchi8pY,0,0,1622907561.4922063,20,2
QN1odfjtMoo,Z-YTVvUNkNE,0,0,1622907561.5052314,20,2
,QN1odfjtMoo&list=RDQN1odfjtMoo&start_radio=1,1,1,1622908219.9847398,,2
,e69XZJ9DEj0,0,1,1622908219.9917064,,2
,zrFI2gJSuwA,0,1,1622908219.99775,,2
,Q1i-sknFkUM,0,1,1622908220.003375,,2
,6TpyRE_juyA,0,1,1622908220.0103753,,2
,8mN9ZAfadpE,0,1,1622908220.0165925,,2
,XuQxoM1ArRI,0,1,1622908220.023188,,2
,M6ZZKNPrSPw,0,1,1622908220.0291882,,2
,ymNFyxvIdaM,0,1,1622908220.0351882,,2
,3nxXrHZ2HL4,0,1,1622908220.0401883,,2
,I720xCnnPUY,0,1,1622908220.046935,,2
,Wc5FsNdfzxI,0,1,1622908220.0529351,,2
,Wc5FsNdfzxI,0,1,1622908220.057976,,2
,RjFGyhYcyEk,0,1,1622908220.0644882,,2
,lRkgBVn_-4o,0,1,1622908220.0704546,,2
,VLt0Bc3WW3w,0,1,1622908220.0764866,,2
,v1WljiJw5A8,0,1,1622908220.082452,,2
,D8W_PoAe9wo,0,1,1622908220.0884523,,2
,emIaYWxPUY0,0,1,1622908220.094497,,2
,1tlxK9gJ7G8,0,1,1622908220.1004872,,2
,QN1odfjtMoo,1,1,1622908224.6750844,,2
,RVH5dn1cxAQ,0,1,1622908224.6830864,,2
,R_EiKMW5ebU,0,1,1622908224.7140837,,2
,8OJBet8E_Oo,0,1,1622908224.8120844,,2
,9mL6Cmkg2_A,0,1,1622908224.8640833,,2
,FZ4P0UZbi9E,0,1,1622908224.895815,,2
,XD77aMyCv0Q,0,1,1622908224.9428253,,2
,CcBBsfwYURI,0,1,1622908225.0008261,,2
,CcBBsfwYURI,0,1,1622908225.013824,,2
,cIuYFCAJ2a8,0,1,1622908225.0228236,,2
,y3T56egqXLw,0,1,1622908225.0288234,,2
,U7-dxzp6Jvs,0,1,1622908225.0438237,,2
,ZZjnfWx0cvw,0,1,1622908225.0548239,,2
,HdvPosu0gsw,0,1,1622908225.1288242,,2
,iywXK9Dj2o4,0,1,1622908225.1448243,,2
QN1odfjtMoo,16GpicX09gk,1,0,1622908232.2530568,20,2
QN1odfjtMoo,QN1odfjtMoo,0,0,1622908232.2656379,20,2
QN1odfjtMoo,xdzr64mrzHE,0,0,1622908232.277066,20,2
QN1odfjtMoo,OkLHF-CJHak,0,0,1622908232.2900627,20,2
QN1odfjtMoo,ssDtj1uL1Go,0,0,1622908232.3020618,20,2
QN1odfjtMoo,CJ2u3pRpCjc,0,0,1622908232.3160615,20,2
QN1odfjtMoo,0Upt-ddaw04,0,0,1622908232.3290627,20,2
QN1odfjtMoo,ZZjnfWx0cvw,0,0,1622908232.341063,20,2
QN1odfjtMoo,0lvCoQuHuBQ,0,0,1622908232.3530614,20,2
QN1odfjtMoo,NUIDA4fDn4s,0,0,1622908232.365062,20,2
QN1odfjtMoo,U7-dxzp6Jvs,0,0,1622908232.3770618,20,2
QN1odfjtMoo,GWVMcigVt48,0,0,1622908232.3880622,20,2
QN1odfjtMoo,v61TqLKFnjQ,0,0,1622908232.4000626,20,2
QN1odfjtMoo,XD77aMyCv0Q,0,0,1622908232.412064,20,2
QN1odfjtMoo,M6ZZKNPrSPw,0,0,1622908232.425062,20,2
QN1odfjtMoo,A15KJx-w0hY,0,0,1622908232.4370618,20,2
QN1odfjtMoo,Q1i-sknFkUM,0,0,1622908232.449062,20,2
QN1odfjtMoo,3Imsr0UldAY,0,0,1622908232.460062,20,2
QN1odfjtMoo,imR9VH2Wthw,0,0,1622908232.4720619,20,2
QN1odfjtMoo,RVH5dn1cxAQ,0,0,1622908232.4850621,20,2
OkLHF-CJHak,16GpicX09gk,1,0,1622908259.528513,20,2
OkLHF-CJHak,OkLHF-CJHak,0,0,1622908259.5422828,20,2
OkLHF-CJHak,lRgKkchi8pY,0,0,1622908259.5555267,20,2
OkLHF-CJHak,Fpz5O4QvMTY,0,0,1622908259.5671551,20,2
OkLHF-CJHak,ssDtj1uL1Go,0,0,1622908259.5801547,20,2
OkLHF-CJHak,ufeuSX6QPBo,0,0,1622908259.5941553,20,2
OkLHF-CJHak,xdzr64mrzHE,0,0,1622908259.6071548,20,2
OkLHF-CJHak,0lvCoQuHuBQ,0,0,1622908259.618155,20,2
OkLHF-CJHak,0Upt-ddaw04,0,0,1622908259.6311545,20,2
OkLHF-CJHak,GL1mzJuV11c,0,0,1622908259.6441543,20,2
OkLHF-CJHak,RvrGBUL2SpM,0,0,1622908259.6571548,20,2
OkLHF-CJHak,NUIDA4fDn4s,0,0,1622908259.668155,20,2
OkLHF-CJHak,v61TqLKFnjQ,0,0,1622908259.681155,20,2
OkLHF-CJHak,RVH5dn1cxAQ,0,0,1622908259.6941545,20,2
OkLHF-CJHak,M6ZZKNPrSPw,0,0,1622908259.7071555,20,2
OkLHF-CJHak,uIGk84zlO3U,0,0,1622908259.718154,20,2
OkLHF-CJHak,TuYJp604i20,0,0,1622908259.732155,20,2
OkLHF-CJHak,ZZjnfWx0cvw,0,0,1622908259.7451549,20,2
OkLHF-CJHak,Q1i-sknFkUM,0,0,1622908259.757156,20,2
OkLHF-CJHak,HSlVIFu_7Gc,0,0,1622908259.7691555,20,2
Fpz5O4QvMTY,ssDtj1uL1Go,1,0,1622908286.7629557,20,2
Fpz5O4QvMTY,Fpz5O4QvMTY,0,0,1622908286.775529,20,2
Fpz5O4QvMTY,Q1i-sknFkUM,0,0,1622908286.7895386,20,2
Fpz5O4QvMTY,9mL6Cmkg2_A,0,0,1622908286.8032947,20,2
Fpz5O4QvMTY,dMV7tszyU-8,0,0,1622908286.8162944,20,2
Fpz5O4QvMTY,uhFMwvwtoQU,0,0,1622908286.8292997,20,2
Fpz5O4QvMTY,U7-dxzp6Jvs,0,0,1622908286.8422947,20,2
Fpz5O4QvMTY,lRgKkchi8pY,0,0,1622908286.855294,20,2
Fpz5O4QvMTY,GL1mzJuV11c,0,0,1622908286.867323,20,2
Fpz5O4QvMTY,RVH5dn1cxAQ,0,0,1622908286.8793235,20,2
Fpz5O4QvMTY,OkLHF-CJHak,0,0,1622908286.8913226,20,2
Fpz5O4QvMTY,lqvzDkgok_g,0,0,1622908286.9043243,20,2
Fpz5O4QvMTY,bC9sg6MpDc0,0,0,1622908286.9163194,20,2
Fpz5O4QvMTY,YJdELkV6j6Y,0,0,1622908286.9293337,20,2
Fpz5O4QvMTY,w3McvA-L8jE,0,0,1622908286.9413304,20,2
Fpz5O4QvMTY,ZZjnfWx0cvw,0,0,1622908286.9532948,20,2
Fpz5O4QvMTY,s37x2VSZrLw,0,0,1622908286.9652944,20,2
Fpz5O4QvMTY,-owp3hyBISM,0,0,1622908286.9772928,20,2
Fpz5O4QvMTY,ksTDwL45sO0,0,0,1622908286.9882967,20,2
Fpz5O4QvMTY,0T-BCIFeqq8,0,0,1622908287.0023227,20,2
,QN1odfjtMoo&list=RDQN1odfjtMoo&start_radio=1,1,1,1622908517.2508676,,2
,3RYE2KjLVUo,0,1,1622908517.2578678,,2
,8GotXeCwUnc,0,1,1622908517.2648675,,2
,GxFW_nSAiM4,0,1,1622908517.270593,,2
,mZJJONhvj0U,0,1,1622908517.2775931,,2
,Yh06mg5W8Y8,0,1,1622908517.2842383,,2
,gzsg96h_Qr4,0,1,1622908517.2912416,,2
,N3fRJg8hk-8,0,1,1622908517.296899,,2
,GMwkTN8zIwE,0,1,1622908517.303093,,2
,qeMFqkcPYcg,0,1,1622908517.3091187,,2
,n4sUoLex6TI,0,1,1622908517.3156247,,2
,Wc5FsNdfzxI,0,1,1622908517.3216348,,2
,Wc5FsNdfzxI,0,1,1622908517.3276334,,2
,RjFGyhYcyEk,0,1,1622908517.332634,,2
,lRkgBVn_-4o,0,1,1622908517.3396337,,2
,VLt0Bc3WW3w,0,1,1622908517.3446352,,2
,Xwon4zhovpk,0,1,1622908517.3506327,,2
,3Imsr0UldAY,0,1,1622908517.356633,,2
,fB1Y4rqRPe8,0,1,1622908517.3626328,,2
,cLhY_DSYaWM,0,1,1622908517.3686342,,2
,QN1odfjtMoo,1,1,1622908522.805565,,2
,RVH5dn1cxAQ,0,1,1622908522.8728395,,2
,9mL6Cmkg2_A,0,1,1622908523.1365778,,2
,ZZjnfWx0cvw,0,1,1622908523.143578,,2
,R_EiKMW5ebU,0,1,1622908523.2045853,,2
,WKuVr21tR7A,0,1,1622908523.219578,,2
QN1odfjtMoo,16GpicX09gk,1,0,1622908530.303315,20,2
QN1odfjtMoo,QN1odfjtMoo,0,0,1622908530.3166454,20,2
QN1odfjtMoo,ZZjnfWx0cvw,0,0,1622908530.3295348,20,2
QN1odfjtMoo,xdzr64mrzHE,0,0,1622908530.342535,20,2
QN1odfjtMoo,ssDtj1uL1Go,0,0,1622908530.355535,20,2
QN1odfjtMoo,U7-dxzp6Jvs,0,0,1622908530.3675344,20,2
QN1odfjtMoo,RVH5dn1cxAQ,0,0,1622908530.379535,20,2
QN1odfjtMoo,XD77aMyCv0Q,0,0,1622908530.3925347,20,2
QN1odfjtMoo,D4_q8mLN0zU,0,0,1622908530.406535,20,2
QN1odfjtMoo,iywXK9Dj2o4,0,0,1622908530.4180577,20,2
QN1odfjtMoo,fOPGxQ4fgVw,0,0,1622908530.4290574,20,2
QN1odfjtMoo,3Imsr0UldAY,0,0,1622908530.4410565,20,2
QN1odfjtMoo,0Upt-ddaw04,0,0,1622908530.4530575,20,2
QN1odfjtMoo,0lvCoQuHuBQ,0,0,1622908530.4650576,20,2
QN1odfjtMoo,GWVMcigVt48,0,0,1622908530.479057,20,2
QN1odfjtMoo,GL1mzJuV11c,0,0,1622908530.4910653,20,2
QN1odfjtMoo,lRgKkchi8pY,0,0,1622908530.5030572,20,2
QN1odfjtMoo,tTKuYa0MxsY,0,0,1622908530.5160582,20,2
QN1odfjtMoo,v61TqLKFnjQ,0,0,1622908530.529057,20,2
QN1odfjtMoo,0T-BCIFeqq8,0,0,1622908530.542058,20,2
xdzr64mrzHE,ssDtj1uL1Go,1,0,1622908557.6581795,20,2
xdzr64mrzHE,xdzr64mrzHE,0,0,1622908557.6711144,20,2
xdzr64mrzHE,AAld2F6Mq0E,0,0,1622908557.6844108,20,2
xdzr64mrzHE,FW5Ef1q5bCU,0,0,1622908557.696367,20,2
xdzr64mrzHE,u-6tP0Tr8AA,0,0,1622908557.7094107,20,2
xdzr64mrzHE,_ZjNuRBvwh4,0,0,1622908557.7224147,20,2
xdzr64mrzHE,4Wb9GXPjrKQ,0,0,1622908557.734369,20,2
xdzr64mrzHE,Z-YTVvUNkNE,0,0,1622908557.7463684,20,2
xdzr64mrzHE,VWqkjcUuN9M,0,0,1622908557.7594101,20,2
xdzr64mrzHE,hdBYUCQg4xY,0,0,1622908557.7713754,20,2
xdzr64mrzHE,vwGHvecOSZc,0,0,1622908557.7834027,20,2
xdzr64mrzHE,1ADJ61WC5UI,0,0,1622908557.7953775,20,2
xdzr64mrzHE,uW_px2l8qlU,0,0,1622908557.8084154,20,2
xdzr64mrzHE,0_XjkY4v-Ok,0,0,1622908557.8204224,20,2
xdzr64mrzHE,0lvCoQuHuBQ,0,0,1622908557.83241,20,2
xdzr64mrzHE,s37x2VSZrLw,0,0,1622908557.8444114,20,2
xdzr64mrzHE,HeaaoZSJksY,0,0,1622908557.8564088,20,2
xdzr64mrzHE,ZEn6BnLqryg,0,0,1622908557.8694098,20,2
xdzr64mrzHE,Q1i-sknFkUM,0,0,1622908557.8823757,20,2
xdzr64mrzHE,16GpicX09gk,0,0,1622908557.894376,20,2
FW5Ef1q5bCU,oGn3C7DKI5o,1,0,1622908584.889781,20,2
FW5Ef1q5bCU,FW5Ef1q5bCU,0,0,1622908584.9047825,20,2
FW5Ef1q5bCU,Z-YTVvUNkNE,0,0,1622908584.918549,20,2
FW5Ef1q5bCU,ssDtj1uL1Go,0,0,1622908584.9307537,20,2
FW5Ef1q5bCU,AAld2F6Mq0E,0,0,1622908584.943919,20,2
FW5Ef1q5bCU,rrwBnlYOp4g,0,0,1622908584.9569192,20,2
FW5Ef1q5bCU,E3EsZodN4MI,0,0,1622908584.9689183,20,2
FW5Ef1q5bCU,IPDig-OqfRY,0,0,1622908584.9819188,20,2
FW5Ef1q5bCU,ChmL_7-ckWQ,0,0,1622908584.9939187,20,2
FW5Ef1q5bCU,uW_px2l8qlU,0,0,1622908585.0059197,20,2
FW5Ef1q5bCU,KOr7PlLzOs8,0,0,1622908585.0179188,20,2
FW5Ef1q5bCU,wVm_fkaqb-A,0,0,1622908585.0309186,20,2
FW5Ef1q5bCU,po0jY4WvCIc,0,0,1622908585.042919,20,2
FW5Ef1q5bCU,qzzQ4C5KC0w,0,0,1622908585.0559194,20,2
FW5Ef1q5bCU,xdzr64mrzHE,0,0,1622908585.0669186,20,2
FW5Ef1q5bCU,_5sLyE9tKkg,0,0,1622908585.0799186,20,2
FW5Ef1q5bCU,lA7tOUc297o,0,0,1622908585.0919187,20,2
FW5Ef1q5bCU,mFJVMzArz50,0,0,1622908585.103919,20,2
FW5Ef1q5bCU,ZZjnfWx0cvw,0,0,1622908585.1169188,20,2
FW5Ef1q5bCU,XzB8K4DoxJY,0,0,1622908585.1299188,20,2
,QN1odfjtMoo&list=RDQN1odfjtMoo&start_radio=1,1,1,1622909001.2641692,,2
,eHzhtzLXFaQ,0,1,1622909001.2712038,,2
,BAW17i-K14k,0,1,1622909001.2882118,,2
,-befR4wHsjQ,0,1,1622909001.3044152,,2
,6TEC59rlZxo,0,1,1622909001.3624258,,2
,59Q_lhgGANc,0,1,1622909001.373219,,2
,37gEy0uE22M,0,1,1622909001.4002185,,2
,T-_HKFjxVl0,0,1,1622909001.4172182,,2
,a1EYnngNHIA,0,1,1622909001.4282343,,2
,YO7AblZu-gU,0,1,1622909001.467217,,2
,Yc5OyXmHD0w,0,1,1622909001.4742215,,2
,scvgEesTHZ0,0,1,1622909001.4802155,,2
,Wc5FsNdfzxI,0,1,1622909001.4872172,,2
,Wc5FsNdfzxI,0,1,1622909001.495217,,2
,RjFGyhYcyEk,0,1,1622909001.5012171,,2
,lRkgBVn_-4o,0,1,1622909001.5082185,,2
,VLt0Bc3WW3w,0,1,1622909001.598217,,2
,Xwon4zhovpk,0,1,1622909001.6062198,,2
,D8W_PoAe9wo,0,1,1622909001.6132183,,2
,cRqrgxp4nUw,0,1,1622909001.622218,,2
,QN1odfjtMoo,1,1,1622909006.2188559,,2
,RVH5dn1cxAQ,0,1,1622909006.2518566,,2
,ssDtj1uL1Go,0,1,1622909006.2948549,,2
,ZZjnfWx0cvw,0,1,1622909006.3028908,,2
,f-NW4vsqVWE,0,1,1622909006.4178565,,2
,gnYHj8_5YEQ,0,1,1622909006.4558604,,2
,XD77aMyCv0Q,0,1,1622909006.5118556,,2
QN1odfjtMoo,16GpicX09gk,1,0,1622909013.6075416,20,2
QN1odfjtMoo,QN1odfjtMoo,0,0,1622909013.6204813,20,2
QN1odfjtMoo,ssDtj1uL1Go,0,0,1622909013.6346147,20,2
QN1odfjtMoo,NUIDA4fDn4s,0,0,1622909013.648525,20,2
QN1odfjtMoo,ZZjnfWx0cvw,0,0,1622909013.6606576,20,2
QN1odfjtMoo,xdzr64mrzHE,0,0,1622909013.6736326,20,2
QN1odfjtMoo,9vXH40GrbYM,0,0,1622909013.6866298,20,2
QN1odfjtMoo,GWVMcigVt48,0,0,1622909013.6996295,20,2
QN1odfjtMoo,XD77aMyCv0Q,0,0,1622909013.712605,20,2
QN1odfjtMoo,GL1mzJuV11c,0,0,1622909013.7245784,20,2
QN1odfjtMoo,U7-dxzp6Jvs,0,0,1622909013.7365782,20,2
QN1odfjtMoo,3Imsr0UldAY,0,0,1622909013.7485785,20,2
QN1odfjtMoo,Q1i-sknFkUM,0,0,1622909013.7606351,20,2
QN1odfjtMoo,0lvCoQuHuBQ,0,0,1622909013.7726061,20,2
QN1odfjtMoo,v61TqLKFnjQ,0,0,1622909013.7845812,20,2
QN1odfjtMoo,lRgKkchi8pY,0,0,1622909013.7976139,20,2
QN1odfjtMoo,tTKuYa0MxsY,0,0,1622909013.8095782,20,2
QN1odfjtMoo,RVH5dn1cxAQ,0,0,1622909013.8216927,20,2
QN1odfjtMoo,ZWKpPDI1M-o,0,0,1622909013.8327236,20,2
QN1odfjtMoo,y3T56egqXLw,0,0,1622909013.8447223,20,2
NUIDA4fDn4s,ibSe3-9U9J0,1,0,1622909040.8439627,20,2
NUIDA4fDn4s,NUIDA4fDn4s,0,0,1622909040.856963,20,2
NUIDA4fDn4s,LM5fw2rTjQE,0,0,1622909040.8701313,20,2
NUIDA4fDn4s,ZZjnfWx0cvw,0,0,1622909040.8831985,20,2
NUIDA4fDn4s,0lvCoQuHuBQ,0,0,1622909040.8964791,20,2
NUIDA4fDn4s,5LDD_Kc7lYg,0,0,1622909040.90869,20,2
NUIDA4fDn4s,lRgKkchi8pY,0,0,1622909040.9216893,20,2
NUIDA4fDn4s,y3T56egqXLw,0,0,1622909040.9347243,20,2
NUIDA4fDn4s,16GpicX09gk,0,0,1622909040.9476898,20,2
NUIDA4fDn4s,xFyPRPIieh8,0,0,1622909040.95969,20,2
NUIDA4fDn4s,U7-dxzp6Jvs,0,0,1622909040.9716895,20,2
NUIDA4fDn4s,KOr7PlLzOs8,0,0,1622909040.9846895,20,2
NUIDA4fDn4s,v61TqLKFnjQ,0,0,1622909040.996689,20,2
NUIDA4fDn4s,vvisEqvayLo,0,0,1622909041.0096924,20,2
NUIDA4fDn4s,GL1mzJuV11c,0,0,1622909041.0216894,20,2
NUIDA4fDn4s,hjpxUDww2rE,0,0,1622909041.033689,20,2
NUIDA4fDn4s,D81U-MzO1Y0,0,0,1622909041.04569,20,2
NUIDA4fDn4s,M6ZZKNPrSPw,0,0,1622909041.0566897,20,2
NUIDA4fDn4s,XD77aMyCv0Q,0,0,1622909041.0696895,20,2
NUIDA4fDn4s,0Upt-ddaw04,0,0,1622909041.0816891,20,2
ZZjnfWx0cvw,0lvCoQuHuBQ,1,0,1622909068.0076084,20,2
ZZjnfWx0cvw,lIdqshO_wj4,0,0,1622909068.023374,20,2
ZZjnfWx0cvw,ssDtj1uL1Go,0,0,1622909068.036374,20,2
ZZjnfWx0cvw,ZZjnfWx0cvw,0,0,1622909068.0493765,20,2
ZZjnfWx0cvw,NqFzAiWPFrE,0,0,1622909068.0623744,20,2
ZZjnfWx0cvw,E1dDuggRT8I,0,0,1622909068.075375,20,2
ZZjnfWx0cvw,EzIz5T4YltM,0,0,1622909068.088374,20,2
ZZjnfWx0cvw,y3T56egqXLw,0,0,1622909068.1003745,20,2
ZZjnfWx0cvw,xdzr64mrzHE,0,0,1622909068.1124003,20,2
ZZjnfWx0cvw,gCBikQZ3o9o,0,0,1622909068.1244004,20,2
ZZjnfWx0cvw,IPDig-OqfRY,0,0,1622909068.1364,20,2
ZZjnfWx0cvw,0_XjkY4v-Ok,0,0,1622909068.1473744,20,2
ZZjnfWx0cvw,LHK-_fMVyxk,0,0,1622909068.159404,20,2
ZZjnfWx0cvw,Q1i-sknFkUM,0,0,1622909068.1723804,20,2
ZZjnfWx0cvw,YlvAqVPmYq4,0,0,1622909068.1843739,20,2
ZZjnfWx0cvw,lRgKkchi8pY,0,0,1622909068.1954007,20,2
ZZjnfWx0cvw,QqDNPQbLY-I,0,0,1622909068.2073724,20,2
ZZjnfWx0cvw,AaSO-MwsIq0,0,0,1622909068.2193747,20,2
ZZjnfWx0cvw,Gi8PQoH09W4,0,0,1622909068.231374,20,2
ZZjnfWx0cvw,sZdLHuNrgNY,0,0,1622909068.2433987,20,2
,QN1odfjtMoo&list=RDQN1odfjtMoo&start_radio=1,1,1,1622909349.3608358,,2
,c16hr60PLT4,0,1,1622909349.3678632,,2
,weRHyjj34ZE,0,1,1622909349.3746264,,2
,U2dtlJK76R8,0,1,1622909349.3816676,,2
,WKuVr21tR7A,0,1,1622909349.3896341,,2
,2CEM5g0u--Q,0,1,1622909349.3961608,,2
,bTS9XaoQ6mg,0,1,1622909349.4024386,,2
,NYhxaZXXwsg,0,1,1622909349.4084387,,2
,_XEfrcBdgQo,0,1,1622909349.416468,,2
,9S-y_zyoDUg,0,1,1622909349.4224396,,2
,cRqrgxp4nUw,0,1,1622909349.4286582,,2
,Wc5FsNdfzxI,0,1,1622909349.4346561,,2
,Wc5FsNdfzxI,0,1,1622909349.4406564,,2
,RjFGyhYcyEk,0,1,1622909349.4466572,,2
,lRkgBVn_-4o,0,1,1622909349.452657,,2
,VLt0Bc3WW3w,0,1,1622909349.458657,,2
,Xwon4zhovpk,0,1,1622909349.4646568,,2
,D8W_PoAe9wo,0,1,1622909349.4706564,,2
,vtpK-D-5FCs,0,1,1622909349.4766567,,2
,ZC_CPD317GE,0,1,1622909349.4826565,,2
,QN1odfjtMoo,1,1,1622909354.229204,,2
,RVH5dn1cxAQ,0,1,1622909354.3132029,,2
,ZZjnfWx0cvw,0,1,1622909354.3711562,,2
,XD77aMyCv0Q,0,1,1622909354.3791556,,2
,R_EiKMW5ebU,0,1,1622909354.436154,,2
,iywXK9Dj2o4,0,1,1622909354.5281558,,2
,0T-BCIFeqq8,0,1,1622909354.5441575,,2
,CcBBsfwYURI,0,1,1622909354.5591564,,2
,CcBBsfwYURI,0,1,1622909354.5881562,,2
,xdzr64mrzHE,0,1,1622909354.6101553,,2
,cIuYFCAJ2a8,0,1,1622909354.6221569,,2
,1ivT0iXje5s,0,1,1622909354.6371558,,2
,HdvPosu0gsw,0,1,1622909354.6561906,,2
,8OJBet8E_Oo,0,1,1622909354.6621552,,2
,Z-YTVvUNkNE,0,1,1622909354.6860266,,2
,QTIkudYT3mg,0,1,1622909354.707036,,2
,RWT31p8WQjI,0,1,1622909354.7150354,,2
QN1odfjtMoo,16GpicX09gk,1,0,1622909361.8331194,10,2
QN1odfjtMoo,QN1odfjtMoo,0,0,1622909361.844742,10,2
QN1odfjtMoo,XD77aMyCv0Q,0,0,1622909361.8587418,10,2
QN1odfjtMoo,xdzr64mrzHE,0,0,1622909361.8732083,10,2
QN1odfjtMoo,0Upt-ddaw04,0,0,1622909361.8861353,10,2
QN1odfjtMoo,CJ2u3pRpCjc,0,0,1622909361.8981254,10,2
QN1odfjtMoo,GWVMcigVt48,0,0,1622909361.910998,10,2
QN1odfjtMoo,u-6tP0Tr8AA,0,0,1622909361.922996,10,2
QN1odfjtMoo,RVH5dn1cxAQ,0,0,1622909361.9353254,10,2
QN1odfjtMoo,3Imsr0UldAY,0,0,1622909361.950326,10,2
QN1odfjtMoo,U7-dxzp6Jvs,0,0,1622909361.9633267,10,2
QN1odfjtMoo,GL1mzJuV11c,0,0,1622909361.975325,10,2
QN1odfjtMoo,v61TqLKFnjQ,0,0,1622909361.990326,10,2
QN1odfjtMoo,R_EiKMW5ebU,0,0,1622909362.0033243,10,2
QN1odfjtMoo,y3T56egqXLw,0,0,1622909362.0153258,10,2
QN1odfjtMoo,lRgKkchi8pY,0,0,1622909362.0273247,10,2
QN1odfjtMoo,Q1i-sknFkUM,0,0,1622909362.0393252,10,2
QN1odfjtMoo,ljxOevm3rWU,0,0,1622909362.0503252,10,2
QN1odfjtMoo,ssDtj1uL1Go,0,0,1622909362.0623255,10,2
QN1odfjtMoo,0lvCoQuHuBQ,0,0,1622909362.0743253,10,2
,QN1odfjtMoo&list=RDQN1odfjtMoo&start_radio=1,1,1,1622909573.819033,,2
,sbuIgvkaffY,0,1,1622909573.8310707,,2
,WMweEpGlu_U&list=RDCLAK5uy_lBNUteBRencHzKelu5iDHwLF6mYqjL-JU&start_radio=1,0,1,1622909573.8540351,,2
,BC19kwABFwc,0,1,1622909573.8650458,,2
,UIgV1Jrf_Vk,0,1,1622909573.8780355,,2
,rwp-Xn1JZBo,0,1,1622909573.8850338,,2
,-dABj9R5D5s,0,1,1622909573.9050496,,2
,3RkhZgRNC1k,0,1,1622909573.9121106,,2
,Wzr0Tb81XtE,0,1,1622909573.9701126,,2
,5YjKNm7ZMic,0,1,1622909573.9831102,,2
,QNJL6nfu__Q,0,1,1622909573.99511,,2
,1tlxK9gJ7G8,0,1,1622909574.042145,,2
,Wc5FsNdfzxI,0,1,1622909574.0521097,,2
,Wc5FsNdfzxI,0,1,1622909574.0691106,,2
,RjFGyhYcyEk,0,1,1622909574.0781102,,2
,lRkgBVn_-4o,0,1,1622909574.0871155,,2
,VLt0Bc3WW3w,0,1,1622909574.0961113,,2
,Xwon4zhovpk,0,1,1622909574.1211123,,2
,D8W_PoAe9wo,0,1,1622909574.1291106,,2
,NVhmq-pB_cs,0,1,1622909574.1561124,,2
,QN1odfjtMoo,1,1,1622909579.4696,,2
,RVH5dn1cxAQ,0,1,1622909579.5750847,,2
,iywXK9Dj2o4,0,1,1622909579.5819788,,2
,0T-BCIFeqq8,0,1,1622909579.6476192,,2
,ZZjnfWx0cvw,0,1,1622909579.7092457,,2
,HdvPosu0gsw,0,1,1622909579.7427006,,2
,R_EiKMW5ebU,0,1,1622909579.74898,,2
,41vY5Y0Cgio,0,1,1622909579.828964,,2
,41vY5Y0Cgio,0,1,1622909579.8760037,,2
,CcBBsfwYURI,0,1,1622909579.8919668,,2
,cIuYFCAJ2a8,0,1,1622909579.8989637,,2
,ZWKpPDI1M-o,0,1,1622909579.9169624,,2
,XD77aMyCv0Q,0,1,1622909579.9310002,,2
QN1odfjtMoo,16GpicX09gk,1,0,1622909587.037954,10,2
QN1odfjtMoo,gBRi6aZJGj4,0,0,1622909587.0519493,10,2
QN1odfjtMoo,8GQ1mgVIxek,0,0,1622909587.0650437,10,2
QN1odfjtMoo,QN1odfjtMoo,0,0,1622909587.0789547,10,2
QN1odfjtMoo,XD77aMyCv0Q,0,0,1622909587.0929637,10,2
QN1odfjtMoo,xdzr64mrzHE,0,0,1622909587.1069634,10,2
QN1odfjtMoo,GWVMcigVt48,0,0,1622909587.1189632,10,2
QN1odfjtMoo,U7-dxzp6Jvs,0,0,1622909587.130963,10,2
QN1odfjtMoo,lRgKkchi8pY,0,0,1622909587.1459637,10,2
QN1odfjtMoo,RVH5dn1cxAQ,0,0,1622909587.158963,10,2
QN1odfjtMoo,3Imsr0UldAY,0,0,1622909587.170964,10,2
QN1odfjtMoo,GL1mzJuV11c,0,0,1622909587.1829634,10,2
QN1odfjtMoo,0lvCoQuHuBQ,0,0,1622909587.1959634,10,2
QN1odfjtMoo,v61TqLKFnjQ,0,0,1622909587.2079632,10,2
QN1odfjtMoo,XBH78jFleVY,0,0,1622909587.219963,10,2
QN1odfjtMoo,tTKuYa0MxsY,0,0,1622909587.2319636,10,2
QN1odfjtMoo,Z-YTVvUNkNE,0,0,1622909587.2439635,10,2
QN1odfjtMoo,ssDtj1uL1Go,0,0,1622909587.2559633,10,2
QN1odfjtMoo,Q1i-sknFkUM,0,0,1622909587.2679634,10,2
QN1odfjtMoo,MGX7nFSHgmU,0,0,1622909587.2789638,10,2
,QN1odfjtMoo&list=RDQN1odfjtMoo&start_radio=1,1,1,1622910297.2808785,,2
,NVhmq-pB_cs,0,1,1622910297.287862,,2
,lFXp_15N1KU,0,1,1622910297.2948072,,2
,rY0WxgSXdEE,0,1,1622910297.3018153,,2
,pvJMCDPp0Dk,0,1,1622910297.3078153,,2
,XKZ4tQL40CQ,0,1,1622910297.31428,,2
,0SPwwpruGIA,0,1,1622910297.3208187,,2
,KewfYKJy8YU,0,1,1622910297.326855,,2
,gPxV2py_tKw,0,1,1622910297.3328583,,2
,oDcr0yXpkk8,0,1,1622910297.3388562,,2
,PCoyTwltu5g,0,1,1622910297.3448484,,2
,D8W_PoAe9wo,0,1,1622910297.3508198,,2
,D8W_PoAe9wo,0,1,1622910297.3568544,,2
,RjFGyhYcyEk,0,1,1622910297.3618293,,2
,lRkgBVn_-4o,0,1,1622910297.3678207,,2
,VLt0Bc3WW3w,0,1,1622910297.3738594,,2
,Xwon4zhovpk,0,1,1622910297.378854,,2
,XtUDP7PEbfo,0,1,1622910297.384853,,2
,3n1hZd0m9w4,0,1,1622910297.3908546,,2
,JFXDIAGGZlA,0,1,1622910297.3958583,,2
,QN1odfjtMoo,1,1,1622910302.3241057,,2
,RVH5dn1cxAQ,0,1,1622910302.3798492,,2
,ZZjnfWx0cvw,0,1,1622910302.508039,,2
,HdvPosu0gsw,0,1,1622910302.5200033,,2
,R_EiKMW5ebU,0,1,1622910302.5270045,,2
,XD77aMyCv0Q,0,1,1622910302.5380292,,2
,eSH_rEeXPoA,0,1,1622910302.6180139,,2
,41vY5Y0Cgio,0,1,1622910302.6469986,,2
,41vY5Y0Cgio,0,1,1622910302.6630204,,2
,CcBBsfwYURI,0,1,1622910302.6800048,,2
,cIuYFCAJ2a8,0,1,1622910302.7470417,,2
,xdzr64mrzHE,0,1,1622910302.7729948,,2
,8OJBet8E_Oo,0,1,1622910302.7849965,,2
,QTIkudYT3mg,0,1,1622910302.8009965,,2
,RWT31p8WQjI,0,1,1622910302.822003,,2
,WKuVr21tR7A,0,1,1622910302.82803,,2
,0T-BCIFeqq8,0,1,1622910302.8370085,,2
,Hu80uDzh8RY,0,1,1622910302.8509953,,2
,Hu80uDzh8RY,0,1,1622910302.8570032,,2
,VkTNnCCKnE4,0,1,1622910302.8629954,,2
QN1odfjtMoo,16GpicX09gk,1,0,1622910309.9396932,10,2
QN1odfjtMoo,QN1odfjtMoo,0,0,1622910309.9522905,10,2
QN1odfjtMoo,XD77aMyCv0Q,0,0,1622910309.965275,10,2
QN1odfjtMoo,xdzr64mrzHE,0,0,1622910309.9786022,10,2
QN1odfjtMoo,GWVMcigVt48,0,0,1622910309.9915233,10,2
QN1odfjtMoo,AK478htiKDs,0,0,1622910310.004523,10,2
QN1odfjtMoo,lRgKkchi8pY,0,0,1622910310.0165238,10,2
QN1odfjtMoo,0Upt-ddaw04,0,0,1622910310.0285234,10,2
QN1odfjtMoo,0lvCoQuHuBQ,0,0,1622910310.042523,10,2
QN1odfjtMoo,3Imsr0UldAY,0,0,1622910310.0545225,10,2
QN1odfjtMoo,A15KJx-w0hY,0,0,1622910310.067523,10,2
QN1odfjtMoo,Q1i-sknFkUM,0,0,1622910310.0815227,10,2
QN1odfjtMoo,v61TqLKFnjQ,0,0,1622910310.0935245,10,2
QN1odfjtMoo,GL1mzJuV11c,0,0,1622910310.1055229,10,2
QN1odfjtMoo,Z-YTVvUNkNE,0,0,1622910310.117523,10,2
QN1odfjtMoo,imR9VH2Wthw,0,0,1622910310.1295228,10,2
QN1odfjtMoo,ssDtj1uL1Go,0,0,1622910310.1415231,10,2
QN1odfjtMoo,TuYJp604i20,0,0,1622910310.154036,10,2
QN1odfjtMoo,VWqkjcUuN9M,0,0,1622910310.1660352,10,2
QN1odfjtMoo,MJhkALvLs0s,0,0,1622910310.1780362,10,2
,QN1odfjtMoo&list=RDQN1odfjtMoo&start_radio=1,1,1,1622910446.2753994,,2
,2zwZsjlJ-G4,0,1,1622910446.3013968,,2
,Kjhf7gOLvII,0,1,1622910446.3613997,,2
,b4JyvLI2Mag,0,1,1622910446.3763983,,2
,PUdyuKaGQd4,0,1,1622910446.3919191,,2
,-owp3hyBISM,0,1,1622910446.4048488,,2
,4H0NBj_Qti8,0,1,1622910446.412858,,2
,ljxOevm3rWU,0,1,1622910446.4358528,,2
,GmtVsso5-xA,0,1,1622910446.4468493,,2
,oqFtayBRdfs,0,1,1622910446.47385,,2
,MMCI07slheQ,0,1,1622910446.489885,,2
,E6E22XQPhhg,0,1,1622910446.51885,,2
,D8W_PoAe9wo,0,1,1622910446.541854,,2
,D8W_PoAe9wo,0,1,1622910446.5498552,,2
,RjFGyhYcyEk,0,1,1622910446.6248736,,2
,lRkgBVn_-4o,0,1,1622910446.6398542,,2
,VLt0Bc3WW3w,0,1,1622910446.6468532,,2
,Xwon4zhovpk,0,1,1622910446.6538508,,2
,XtUDP7PEbfo,0,1,1622910446.659851,,2
,hS9PA6SuyyU,0,1,1622910446.6668496,,2
,QN1odfjtMoo,1,1,1622910451.8776507,,2
,RVH5dn1cxAQ,0,1,1622910451.9306483,,2
,xdzr64mrzHE,0,1,1622910451.9376745,,2
,RWT31p8WQjI,0,1,1622910451.9436543,,2
,f-NW4vsqVWE,0,1,1622910452.0616844,,2
,Z-YTVvUNkNE,0,1,1622910452.1396852,,2
,UIgV1Jrf_Vk,0,1,1622910452.1816475,,2
,41vY5Y0Cgio,0,1,1622910452.1946507,,2
,41vY5Y0Cgio,0,1,1622910452.2668672,,2
,4Wb9GXPjrKQ,0,1,1622910452.3039033,,2
,9mL6Cmkg2_A,0,1,1622910452.334869,,2
,cIuYFCAJ2a8,0,1,1622910452.3879066,,2
,eSH_rEeXPoA,0,1,1622910452.4739072,,2
,t-QUJbyHxiU,0,1,1622910452.4829073,,2
QN1odfjtMoo,16GpicX09gk,1,0,1622910459.5369163,10,2
QN1odfjtMoo,QN1odfjtMoo,0,0,1622910459.5506077,10,2
QN1odfjtMoo,XD77aMyCv0Q,0,0,1622910459.5656447,10,2
QN1odfjtMoo,xdzr64mrzHE,0,0,1622910459.5786166,10,2
QN1odfjtMoo,0Upt-ddaw04,0,0,1622910459.5926485,10,2
QN1odfjtMoo,GWVMcigVt48,0,0,1622910459.6056333,10,2
QN1odfjtMoo,ssDtj1uL1Go,0,0,1622910459.6186535,10,2
QN1odfjtMoo,RVH5dn1cxAQ,0,0,1622910459.631656,10,2
QN1odfjtMoo,GL1mzJuV11c,0,0,1622910459.643653,10,2
QN1odfjtMoo,0lvCoQuHuBQ,0,0,1622910459.6546538,10,2
QN1odfjtMoo,v61TqLKFnjQ,0,0,1622910459.6676168,10,2
QN1odfjtMoo,XBH78jFleVY,0,0,1622910459.6796534,10,2
QN1odfjtMoo,tTKuYa0MxsY,0,0,1622910459.6926465,10,2
QN1odfjtMoo,lRgKkchi8pY,0,0,1622910459.7036448,10,2
QN1odfjtMoo,Q1i-sknFkUM,0,0,1622910459.7156532,10,2
QN1odfjtMoo,3Imsr0UldAY,0,0,1622910459.727617,10,2
QN1odfjtMoo,Z-YTVvUNkNE,0,0,1622910459.738654,10,2
QN1odfjtMoo,y3T56egqXLw,0,0,1622910459.751652,10,2
QN1odfjtMoo,EzIz5T4YltM,0,0,1622910459.7636404,10,2
QN1odfjtMoo,VWqkjcUuN9M,0,0,1622910459.775619,10,2
