,TlRgY7CA_Sw,1,1,1606993450.2270029
,cSqRSXysFHU,0,1,1606993450.291317
,ZesJwAwCQVI,0,1,1606993450.353922
,J1LSwJ_0Mz0,0,1,1606993450.3968732
,R0xaA4dYsbQ,0,1,1606993450.4206164
,gAuYLXuTmCw,0,1,1606993450.4697232
,g45IBfQEV50,0,1,1606993450.495836
,wzyj834bfGU,0,1,1606993450.52102
,wzyj834bfGU,0,1,1606993450.5453496
,AKuqjFE5XK4,0,1,1606993450.5713406
,5TP65tW0qLQ,0,1,1606993450.5967765
,8Km5m_fksZs,0,1,1606993450.6230545
,3T2Z7Xfo-zc,0,1,1606993450.6708624
,YBrpDxmSbdM,0,1,1606993450.7315845
,f4Tl6H0qu7k,0,1,1606993450.7689936
,6FSqQjvfSa0,0,1,1606993450.8010752
,F5KUEDgUjrk,0,1,1606993450.8391771
,qGNzyNNUMkw,0,1,1606993450.8633595
,wDEXNrCQKx8,0,1,1606993450.888994
,zxceJ01Hroc,0,1,1606993450.9153466
TlRgY7CA_Sw,EINRNjCYTXY,1,0,1606993456.5762746
TlRgY7CA_Sw,AnYnFUHbtUU,0,0,1606993456.6764154
TlRgY7CA_Sw,CV-YDccUxD4,0,0,1606993456.7584968
TlRgY7CA_Sw,xumfir54xb4,0,0,1606993456.830393
TlRgY7CA_Sw,Rl4Q7mMzQsI,0,0,1606993456.8900173
TlRgY7CA_Sw,KSZqctcyUSg,0,0,1606993456.9634526
TlRgY7CA_Sw,EbtMdesFAUM,0,0,1606993457.0235057
TlRgY7CA_Sw,N_EKXtviYI0,0,0,1606993457.0813634
TlRgY7CA_Sw,TiVNgBq8Sl0,0,0,1606993457.1413505
TlRgY7CA_Sw,Sny6vUUuvyc,0,0,1606993457.203813
TlRgY7CA_Sw,j1zn4EiwKwE,0,0,1606993457.2629883
TlRgY7CA_Sw,ZesJwAwCQVI,0,0,1606993457.3362713
TlRgY7CA_Sw,SoaJCrC-v30,0,0,1606993457.3935812
TlRgY7CA_Sw,dkva8YY6Cmk,0,0,1606993457.454148
TlRgY7CA_Sw,VfKhKBJ5lcY,0,0,1606993457.52075
TlRgY7CA_Sw,msI61Sm_TSs,0,0,1606993457.5843377
TlRgY7CA_Sw,vrhQTfuFr4E,0,0,1606993457.6652431
TlRgY7CA_Sw,R2xI0vS3zPE,0,0,1606993457.724069
TlRgY7CA_Sw,cOnWZMYFESk,0,0,1606993457.782175
TlRgY7CA_Sw,9nUPW5xWHy0,0,0,1606993457.838603
,YzzHRmYkKQ4,1,1,1606993643.6539912
,vCNytRTDtZ0,0,1,1606993643.68365
,g45IBfQEV50,0,1,1606993643.7153714
,bPAdYOuaBYo,0,1,1606993643.741555
,iTzNARVdvfs,0,1,1606993643.768787
,6uXgJWQt2tg,0,1,1606993643.8121207
,afOrfMbgULM,0,1,1606993643.840057
,AKuqjFE5XK4,0,1,1606993643.8684201
,AKuqjFE5XK4,0,1,1606993643.8956575
,5TP65tW0qLQ,0,1,1606993643.9289718
,8Km5m_fksZs,0,1,1606993643.9595168
,YBrpDxmSbdM,0,1,1606993644.0051062
,f4Tl6H0qu7k,0,1,1606993644.0341043
,F5KUEDgUjrk,0,1,1606993644.0597684
,6FSqQjvfSa0,0,1,1606993644.1029534
,qGNzyNNUMkw,0,1,1606993644.1413093
,zxceJ01Hroc,0,1,1606993644.1736069
,qn4BKWLCfwY,0,1,1606993644.2058012
,aB9iW-jfQkE,0,1,1606993644.2342734
,1f4YwVPjwPY,0,1,1606993644.26617
YzzHRmYkKQ4,vk4oZ7RW6Ug,1,0,1606993649.87069
YzzHRmYkKQ4,CV-YDccUxD4,0,0,1606993649.9840467
YzzHRmYkKQ4,mhhkGyJ092E,0,0,1606993650.0743806
YzzHRmYkKQ4,Wa901cyXFJ0,0,0,1606993650.1783133
YzzHRmYkKQ4,gj93LACo8TU,0,0,1606993650.27923
YzzHRmYkKQ4,0uBtEYR--Hk,0,0,1606993650.3539834
YzzHRmYkKQ4,KSZqctcyUSg,0,0,1606993650.4706793
YzzHRmYkKQ4,EINRNjCYTXY,0,0,1606993650.5707479
YzzHRmYkKQ4,mzxSwoaOTfI,0,0,1606993650.6359577
YzzHRmYkKQ4,-y-Kh3-hVuI,0,0,1606993650.7208166
YzzHRmYkKQ4,CZDFuBBq1wI,0,0,1606993650.837118
YzzHRmYkKQ4,msI61Sm_TSs,0,0,1606993650.963627
YzzHRmYkKQ4,_ZXmuxFD2pc,0,0,1606993651.0323102
YzzHRmYkKQ4,TJDc7BbqLMU,0,0,1606993651.0881686
YzzHRmYkKQ4,zJruzheDqrw,0,0,1606993651.1475787
YzzHRmYkKQ4,QSTF_7x2GvA,0,0,1606993651.2111182
YzzHRmYkKQ4,mWjElN0shwY,0,0,1606993651.3275216
YzzHRmYkKQ4,MoGuH3JbMPw,0,0,1606993651.4516513
YzzHRmYkKQ4,sKHO1AwGpuY,0,0,1606993651.5102787
YzzHRmYkKQ4,_vFSWr1YHio,0,0,1606993651.5656655
,aeSWRHJdBTU,1,1,1606993852.9331155
,VxH0XRFz4v0,0,1,1606993852.9539187
,UXe0TEQ_GHk,0,1,1606993852.9850044
,pqpXYYENUfI,0,1,1606993853.0182574
,aFesmxtMhh4,0,1,1606993853.0512426
,osdzBG17RLY,0,1,1606993853.0768678
,_plkiN8Jdq8,0,1,1606993853.1023898
,AKuqjFE5XK4,0,1,1606993853.137152
,AKuqjFE5XK4,0,1,1606993853.1701655
,5TP65tW0qLQ,0,1,1606993853.197576
,8Km5m_fksZs,0,1,1606993853.2268405
,YBrpDxmSbdM,0,1,1606993853.2536306
,f4Tl6H0qu7k,0,1,1606993853.2786102
,F5KUEDgUjrk,0,1,1606993853.3055813
,6FSqQjvfSa0,0,1,1606993853.3489892
,qGNzyNNUMkw,0,1,1606993853.3872342
,zxceJ01Hroc,0,1,1606993853.4223533
,qn4BKWLCfwY,0,1,1606993853.5063927
,aB9iW-jfQkE,0,1,1606993853.5683804
,1f4YwVPjwPY,0,1,1606993853.6269011
aeSWRHJdBTU,e429sd9sTFo,1,0,1606993859.6448503
aeSWRHJdBTU,CV-YDccUxD4,0,0,1606993859.793572
aeSWRHJdBTU,KSZqctcyUSg,0,0,1606993859.9206102
aeSWRHJdBTU,md-KrR0Dj_w,0,0,1606993860.0529346
aeSWRHJdBTU,vk4oZ7RW6Ug,0,0,1606993860.2328827
aeSWRHJdBTU,pjC7Lntf1Zo,0,0,1606993860.333617
aeSWRHJdBTU,58s_4ZMwF1A,0,0,1606993860.4668386
aeSWRHJdBTU,cSOhwIOARWg,0,0,1606993860.5952768
aeSWRHJdBTU,o4z5Q3pqzNI,0,0,1606993860.7186792
aeSWRHJdBTU,Jj9jY4Xbnj4,0,0,1606993860.8231936
aeSWRHJdBTU,nazycCxFIBk,0,0,1606993860.9051466
aeSWRHJdBTU,nGYYs-ZE5Wg,0,0,1606993861.0007355
aeSWRHJdBTU,ifNQRgn2Sb4,0,0,1606993861.0926776
aeSWRHJdBTU,2IivqHfGCyU,0,0,1606993861.2116585
aeSWRHJdBTU,O6OahpUHPR4,0,0,1606993861.3029811
aeSWRHJdBTU,9nUPW5xWHy0,0,0,1606993861.374291
aeSWRHJdBTU,zJruzheDqrw,0,0,1606993861.4472551
aeSWRHJdBTU,hriXkySjSEw,0,0,1606993861.5136712
aeSWRHJdBTU,ENc9DYFdJNw,0,0,1606993861.6064239
aeSWRHJdBTU,sKHO1AwGpuY,0,0,1606993861.6855981
,mmghpsLf3pY,1,1,1606994160.5742195
,brdbQVHe-d0,0,1,1606994160.6114159
,8ZVx_Z73WS4,0,1,1606994160.646319
,f9LXaO-L_Jk,0,1,1606994160.68155
,aYV9vRImgUU,0,1,1606994160.713683
,G96rcOGkXss,0,1,1606994160.747231
,bPAdYOuaBYo,0,1,1606994160.7801647
,AKuqjFE5XK4,0,1,1606994160.8122864
,AKuqjFE5XK4,0,1,1606994160.8447337
,5TP65tW0qLQ,0,1,1606994160.8757913
,8Km5m_fksZs,0,1,1606994160.9097328
,YBrpDxmSbdM,0,1,1606994160.994987
,f4Tl6H0qu7k,0,1,1606994161.0641348
,F5KUEDgUjrk,0,1,1606994161.1332355
,6FSqQjvfSa0,0,1,1606994161.2040772
,qGNzyNNUMkw,0,1,1606994161.2600455
,zxceJ01Hroc,0,1,1606994161.299621
,qn4BKWLCfwY,0,1,1606994161.3862717
,aB9iW-jfQkE,0,1,1606994161.4168565
,1f4YwVPjwPY,0,1,1606994161.4516692
mmghpsLf3pY,EINRNjCYTXY,1,0,1606994167.5636106
mmghpsLf3pY,CV-YDccUxD4,0,0,1606994167.6946485
mmghpsLf3pY,3leX_qT6GPI,0,0,1606994167.795015
mmghpsLf3pY,KSZqctcyUSg,0,0,1606994167.8647168
mmghpsLf3pY,tv6bxkB4Y1g,0,0,1606994167.9757648
mmghpsLf3pY,FXtcIk0d3GQ,0,0,1606994168.1529095
mmghpsLf3pY,TJDc7BbqLMU,0,0,1606994168.2360146
mmghpsLf3pY,zJruzheDqrw,0,0,1606994168.3105671
mmghpsLf3pY,feb2oiX6WuQ,0,0,1606994168.4039073
mmghpsLf3pY,dnlJ7VlZN7k,0,0,1606994168.488464
mmghpsLf3pY,tvkiXokvQP0,0,0,1606994168.5612464
mmghpsLf3pY,msI61Sm_TSs,0,0,1606994168.659659
mmghpsLf3pY,_vFSWr1YHio,0,0,1606994168.744169
mmghpsLf3pY,sKHO1AwGpuY,0,0,1606994168.8553886
mmghpsLf3pY,faZpYskB4ZE,0,0,1606994168.9517143
mmghpsLf3pY,Wa901cyXFJ0,0,0,1606994169.0137336
mmghpsLf3pY,H4l0BijCe_k,0,0,1606994169.075356
mmghpsLf3pY,gj93LACo8TU,0,0,1606994169.1736536
mmghpsLf3pY,ifNQRgn2Sb4,0,0,1606994169.226822
mmghpsLf3pY,wXIg97hfY1k,0,0,1606994169.2785795
,FkRtObWo_oA,1,1,1606994455.6228564
,c8A84OFjt1E,0,1,1606994455.658463
,UMfwysx-tPQ,0,1,1606994455.6898806
,AfthayzutCc,0,1,1606994455.7218196
,ZuE5kFxUVJE,0,1,1606994455.7568674
,ZVxbN1btIjw,0,1,1606994455.788532
,jTCu12j7Ft8,0,1,1606994455.8193479
,AKuqjFE5XK4,0,1,1606994455.8543673
,AKuqjFE5XK4,0,1,1606994455.8910863
,5TP65tW0qLQ,0,1,1606994455.9464405
,8Km5m_fksZs,0,1,1606994455.9833772
,wzyj834bfGU,0,1,1606994456.0426455
,YBrpDxmSbdM,0,1,1606994456.0753727
,f4Tl6H0qu7k,0,1,1606994456.110007
,6FSqQjvfSa0,0,1,1606994456.1451945
,F5KUEDgUjrk,0,1,1606994456.17914
,qGNzyNNUMkw,0,1,1606994456.2107246
,1tHzfp1MEmA,0,1,1606994456.2418804
,zxceJ01Hroc,0,1,1606994456.2759345
,liD_fa14Row,0,1,1606994456.3086343
FkRtObWo_oA,ZLwCl3-3yJY,1,0,1606994462.0083845
FkRtObWo_oA,Wa901cyXFJ0,0,0,1606994462.1338375
FkRtObWo_oA,CV-YDccUxD4,0,0,1606994462.2026613
FkRtObWo_oA,TJDc7BbqLMU,0,0,1606994462.2636728
FkRtObWo_oA,o4z5Q3pqzNI,0,0,1606994462.32412
FkRtObWo_oA,feb2oiX6WuQ,0,0,1606994462.3914478
FkRtObWo_oA,md-KrR0Dj_w,0,0,1606994462.4574385
FkRtObWo_oA,gjnvrUanhWM,0,0,1606994462.522691
FkRtObWo_oA,-1m1P75Ea8E,0,0,1606994462.5841095
FkRtObWo_oA,I0Iy8_YF9Kk,0,0,1606994462.651539
FkRtObWo_oA,pI1-kkmBI-0,0,0,1606994462.7110996
FkRtObWo_oA,TVS5cIAJGxI,0,0,1606994462.7720907
FkRtObWo_oA,gj93LACo8TU,0,0,1606994462.8305604
FkRtObWo_oA,CZDFuBBq1wI,0,0,1606994462.8892946
FkRtObWo_oA,FXtcIk0d3GQ,0,0,1606994462.9623883
FkRtObWo_oA,5WcojLyyuzo,0,0,1606994463.021542
FkRtObWo_oA,9nUPW5xWHy0,0,0,1606994463.0776298
FkRtObWo_oA,Y1NaA4AevUc,0,0,1606994463.1386514
FkRtObWo_oA,qMuId_IVIBM,0,0,1606994463.1984828
FkRtObWo_oA,zJruzheDqrw,0,0,1606994463.2576997
,vFIREXf19dM,1,1,1606994591.1475894
,cb18IJ9m5bE,0,1,1606994591.1827247
,UMfwysx-tPQ,0,1,1606994591.2162237
,4wCdb1EtiUw,0,1,1606994591.2615345
,PuzS5pOrEdc,0,1,1606994591.295954
,8CwyhsGI8WQ,0,1,1606994591.3376276
,PYaPTHXVPuY,0,1,1606994591.3728914
,AKuqjFE5XK4,0,1,1606994591.405869
,AKuqjFE5XK4,0,1,1606994591.4387107
,5TP65tW0qLQ,0,1,1606994591.4871771
,8Km5m_fksZs,0,1,1606994591.5418718
,wzyj834bfGU,0,1,1606994591.5746639
,YBrpDxmSbdM,0,1,1606994591.6069632
,f4Tl6H0qu7k,0,1,1606994591.6400228
,6FSqQjvfSa0,0,1,1606994591.675234
,F5KUEDgUjrk,0,1,1606994591.7056549
,qGNzyNNUMkw,0,1,1606994591.7379124
,1tHzfp1MEmA,0,1,1606994591.7743611
,zxceJ01Hroc,0,1,1606994591.8091338
,liD_fa14Row,0,1,1606994591.8434744
vFIREXf19dM,ZLwCl3-3yJY,1,0,1606994597.4259126
vFIREXf19dM,Y1NaA4AevUc,0,0,1606994597.4906723
vFIREXf19dM,s4QCzT0_Agw,0,0,1606994597.549333
vFIREXf19dM,MoGuH3JbMPw,0,0,1606994597.6141858
vFIREXf19dM,_vFSWr1YHio,0,0,1606994597.675659
vFIREXf19dM,CV-YDccUxD4,0,0,1606994597.740228
vFIREXf19dM,Wa901cyXFJ0,0,0,1606994597.8277416
vFIREXf19dM,TVS5cIAJGxI,0,0,1606994597.8956647
vFIREXf19dM,o4z5Q3pqzNI,0,0,1606994597.9601011
vFIREXf19dM,0NDcfo-5iDw,0,0,1606994598.0182056
vFIREXf19dM,sNwh3yF7FCQ,0,0,1606994598.0887938
vFIREXf19dM,FXtcIk0d3GQ,0,0,1606994598.1475961
vFIREXf19dM,CZDFuBBq1wI,0,0,1606994598.208393
vFIREXf19dM,TK6fzk4zt2w,0,0,1606994598.2701414
vFIREXf19dM,md-KrR0Dj_w,0,0,1606994598.3286037
vFIREXf19dM,G2WkIlHIJRs,0,0,1606994598.4024043
vFIREXf19dM,o5hv9vjZAcM,0,0,1606994598.4611003
vFIREXf19dM,xbyZZn-cLIc,0,0,1606994598.5199485
vFIREXf19dM,fwcVQ4dtIcY,0,0,1606994598.5797868
vFIREXf19dM,jiqT64UgDvI,0,0,1606994598.6419728
,QvO2IoVGP1Y,1,1,1607009196.4882762
,ZZvhAApmqUQ,0,1,1607009196.4982219
,MoGuH3JbMPw&t=350s,0,1,1607009196.5071979
,Tb663GCaMGc,0,1,1607009196.5182006
,pqpXYYENUfI,0,1,1607009196.5281436
,ipLBjxbRSyQ,0,1,1607009196.5381157
,_plkiN8Jdq8,0,1,1607009196.5470922
,8Km5m_fksZs,0,1,1607009196.5550704
,8Km5m_fksZs,0,1,1607009196.5650437
,AKuqjFE5XK4,0,1,1607009196.573023
,5TP65tW0qLQ,0,1,1607009196.5829957
,YBrpDxmSbdM,0,1,1607009196.5919702
,f4Tl6H0qu7k,0,1,1607009196.6029422
,F5KUEDgUjrk,0,1,1607009196.6119194
,qGNzyNNUMkw,0,1,1607009196.6209047
,zxceJ01Hroc,0,1,1607009196.6308668
,1f4YwVPjwPY,0,1,1607009196.6398795
,wDEXNrCQKx8,0,1,1607009196.6488197
,I6oPG0bna1o,0,1,1607009196.6607878
,6xHq9cLaAfI,0,1,1607009196.6717572
QvO2IoVGP1Y,MoGuH3JbMPw&t=350s,1,0,1607009201.9719908
QvO2IoVGP1Y,xHsMO9s7ZnE,0,0,1607009201.9899433
QvO2IoVGP1Y,ZLwCl3-3yJY,0,0,1607009202.0068965
QvO2IoVGP1Y,Wa901cyXFJ0,0,0,1607009202.025849
QvO2IoVGP1Y,HlMkAuB8CZY,0,0,1607009202.0428016
QvO2IoVGP1Y,gj93LACo8TU,0,0,1607009202.0612533
QvO2IoVGP1Y,CZDFuBBq1wI,0,0,1607009202.0787423
QvO2IoVGP1Y,W_FrwNQySvs,0,0,1607009202.095547
QvO2IoVGP1Y,-I9BdClHOTA,0,0,1607009202.1134987
QvO2IoVGP1Y,ZesJwAwCQVI,0,0,1607009202.1304722
QvO2IoVGP1Y,5WcojLyyuzo,0,0,1607009202.1474128
QvO2IoVGP1Y,G2WkIlHIJRs,0,0,1607009202.1644022
QvO2IoVGP1Y,toFpahxCUro,0,0,1607009202.1807685
QvO2IoVGP1Y,mCuUv4QVvIc,0,0,1607009202.1980214
QvO2IoVGP1Y,B1Hm68GPsVQ,0,0,1607009202.2138867
QvO2IoVGP1Y,CVwwMy9JkYs,0,0,1607009202.2307932
QvO2IoVGP1Y,xbyZZn-cLIc,0,0,1607009202.2468576
QvO2IoVGP1Y,ky-55xzuTeQ,0,0,1607009202.2636309
QvO2IoVGP1Y,hMSkSdO3osY,0,0,1607009202.2808177
QvO2IoVGP1Y,_ZXmuxFD2pc,0,0,1607009202.3002384
,xHsMO9s7ZnE,1,1,1607009295.793911
,9xeWbdgWSlQ&t=70s,0,1,1607009295.803165
,F44Jqt8wX7w,0,1,1607009295.8130755
,6C5FAg10VsU,0,1,1607009295.8210557
,-iPVL0UV9Kw,0,1,1607009295.8310292
,kUws3YrtzCc,0,1,1607009295.8421674
,S-eXoe-SJ-8,0,1,1607009295.8508477
,8Km5m_fksZs,0,1,1607009295.8602598
,8Km5m_fksZs,0,1,1607009295.8692377
,AKuqjFE5XK4,0,1,1607009295.877551
,5TP65tW0qLQ,0,1,1607009295.8869007
,YBrpDxmSbdM,0,1,1607009295.8958454
,f4Tl6H0qu7k,0,1,1607009295.9043107
,F5KUEDgUjrk,0,1,1607009295.912292
,qGNzyNNUMkw,0,1,1607009295.92027
,zxceJ01Hroc,0,1,1607009295.9302447
,1f4YwVPjwPY,0,1,1607009295.938255
,wDEXNrCQKx8,0,1,1607009295.9476173
,I6oPG0bna1o,0,1,1607009295.9555998
,ED6ADfy_CQs,0,1,1607009295.9646676
xHsMO9s7ZnE,beAaon-Ox8U,1,0,1607009301.262496
xHsMO9s7ZnE,dP32yVH2WB0,0,0,1607009301.280482
xHsMO9s7ZnE,hMSkSdO3osY,0,0,1607009301.2981036
xHsMO9s7ZnE,o4z5Q3pqzNI,0,0,1607009301.3158584
xHsMO9s7ZnE,CV-YDccUxD4,0,0,1607009301.3340244
xHsMO9s7ZnE,P6PUyZ2DLQ8,0,0,1607009301.3530722
xHsMO9s7ZnE,bPAdYOuaBYo,0,0,1607009301.3719652
xHsMO9s7ZnE,ZLwCl3-3yJY,0,0,1607009301.3939033
xHsMO9s7ZnE,LR7BJmxCuSQ,0,0,1607009301.4417748
xHsMO9s7ZnE,ifNQRgn2Sb4,0,0,1607009301.4741497
xHsMO9s7ZnE,md-KrR0Dj_w,0,0,1607009301.4978604
xHsMO9s7ZnE,cPLS627E-S8,0,0,1607009301.523799
xHsMO9s7ZnE,Wa901cyXFJ0,0,0,1607009301.544738
xHsMO9s7ZnE,ZesJwAwCQVI,0,0,1607009301.5711877
xHsMO9s7ZnE,gjnvrUanhWM,0,0,1607009301.5892198
xHsMO9s7ZnE,MtyFwq08O90,0,0,1607009301.6105707
xHsMO9s7ZnE,VoquwMmZW9Y,0,0,1607009301.6285734
xHsMO9s7ZnE,9nUPW5xWHy0,0,0,1607009301.6480045
xHsMO9s7ZnE,LTaW47Bc_ps,0,0,1607009301.669274
xHsMO9s7ZnE,LOJaxaTfZg0,0,0,1607009301.6918588
,YKDnUJmmtsg,1,1,1607009882.8100681
,38Ckd76e7nU,0,1,1607009882.8197942
,zH_omFPqMO4,0,1,1607009882.8290336
,ASEwKMDJ3qM,0,1,1607009882.8390074
,ED6ADfy_CQs,0,1,1607009882.849514
,nM-Npar8Sq8,0,1,1607009882.8600395
,hMSkSdO3osY,0,1,1607009882.8683884
,8Km5m_fksZs,0,1,1607009882.8773308
,8Km5m_fksZs,0,1,1607009882.8868098
,5TP65tW0qLQ,0,1,1607009882.8953435
,AKuqjFE5XK4,0,1,1607009882.9054666
,zAjNq7W_ubc,0,1,1607009882.9134476
,YBrpDxmSbdM,0,1,1607009882.924805
,f4Tl6H0qu7k,0,1,1607009882.933146
,F5KUEDgUjrk,0,1,1607009882.9421456
,1tHzfp1MEmA,0,1,1607009882.9513505
,5MkywnFVuZ8,0,1,1607009882.9598584
,qGNzyNNUMkw,0,1,1607009882.9688354
,zxceJ01Hroc,0,1,1607009882.9773884
,Gy7A1faU9vU,0,1,1607009882.9870603
YKDnUJmmtsg,ZLwCl3-3yJY,1,0,1607009888.2928257
YKDnUJmmtsg,G2WkIlHIJRs,0,0,1607009888.3108099
YKDnUJmmtsg,FXtcIk0d3GQ,0,0,1607009888.3277311
YKDnUJmmtsg,o4z5Q3pqzNI,0,0,1607009888.3447206
YKDnUJmmtsg,MoGuH3JbMPw,0,0,1607009888.3646328
YKDnUJmmtsg,CVwwMy9JkYs,0,0,1607009888.3815885
YKDnUJmmtsg,Wa901cyXFJ0,0,0,1607009888.3985426
YKDnUJmmtsg,hMSkSdO3osY,0,0,1607009888.4145033
YKDnUJmmtsg,1q926aI318M,0,0,1607009888.4314554
YKDnUJmmtsg,gj93LACo8TU,0,0,1607009888.448445
YKDnUJmmtsg,oyUx2-yTOLA,0,0,1607009888.4653647
YKDnUJmmtsg,uiSmQ_MZosE,0,0,1607009888.483316
YKDnUJmmtsg,c6lvDgWVpkM,0,0,1607009888.5003026
YKDnUJmmtsg,3_c1BcSGW3o,0,0,1607009888.517226
YKDnUJmmtsg,CZDFuBBq1wI,0,0,1607009888.5342124
YKDnUJmmtsg,tWacyOAcHIo,0,0,1607009888.5511665
YKDnUJmmtsg,RwB0kbugEag,0,0,1607009888.5670912
YKDnUJmmtsg,yaeZFa3wCsg,0,0,1607009888.5840464
YKDnUJmmtsg,V_L5T5MzyIE,0,0,1607009888.6010327
YKDnUJmmtsg,m6BlGDT-XGU,0,0,1607009888.6169581
,EKmP7BaEwtU,1,1,1607009999.7797563
,OCuz8f0y-6c,0,1,1607009999.790774
,UMfwysx-tPQ,0,1,1607009999.801052
,kHz8Zi8qOdY,0,1,1607009999.811028
,JDzHegX9dm8,0,1,1607009999.8201194
,y5y8QA1wCcc,0,1,1607009999.8297374
,KIzwNZwo7IQ,0,1,1607009999.8377178
,8Km5m_fksZs,0,1,1607009999.8466942
,8Km5m_fksZs,0,1,1607009999.857273
,5TP65tW0qLQ,0,1,1607009999.8669243
,AKuqjFE5XK4,0,1,1607009999.8760521
,zAjNq7W_ubc,0,1,1607009999.8840334
,YBrpDxmSbdM,0,1,1607009999.8940072
,f4Tl6H0qu7k,0,1,1607009999.9019284
,F5KUEDgUjrk,0,1,1607009999.9116848
,1tHzfp1MEmA,0,1,1607009999.919969
,5MkywnFVuZ8,0,1,1607009999.9289472
,qGNzyNNUMkw,0,1,1607009999.9658487
,zxceJ01Hroc,0,1,1607009999.9957678
,NnAgZzF-SkQ,0,1,1607010000.0047443
EKmP7BaEwtU,Wa901cyXFJ0,1,0,1607010005.3035305
EKmP7BaEwtU,o4z5Q3pqzNI,0,0,1607010005.3206894
EKmP7BaEwtU,CVwwMy9JkYs,0,0,1607010005.337488
EKmP7BaEwtU,BAywQ80TKKc,0,0,1607010005.3552866
EKmP7BaEwtU,SxyQETg8LfY,0,0,1607010005.37128
EKmP7BaEwtU,FmUFmMO7k7I,0,0,1607010005.388218
EKmP7BaEwtU,RksikEiOtEk,0,0,1607010005.405173
EKmP7BaEwtU,sKHO1AwGpuY,0,0,1607010005.4221354
EKmP7BaEwtU,hMSkSdO3osY,0,0,1607010005.4386253
EKmP7BaEwtU,khfSA336wy8,0,0,1607010005.4553456
EKmP7BaEwtU,vsSYi2xIrsQ,0,0,1607010005.4722974
EKmP7BaEwtU,CZDFuBBq1wI,0,0,1607010005.4891846
EKmP7BaEwtU,gj93LACo8TU,0,0,1607010005.5054526
EKmP7BaEwtU,FXtcIk0d3GQ,0,0,1607010005.5212219
EKmP7BaEwtU,E0jf6iLLxIk,0,0,1607010005.5372286
EKmP7BaEwtU,CV-YDccUxD4,0,0,1607010005.5543098
EKmP7BaEwtU,qOb5aqarEsg,0,0,1607010005.571261
EKmP7BaEwtU,vk4oZ7RW6Ug,0,0,1607010005.5892138
EKmP7BaEwtU,nV_VxNGSC4s,0,0,1607010005.6040628
EKmP7BaEwtU,VoquwMmZW9Y,0,0,1607010005.6219842
,tLiuu4nz9nc,1,1,1607010234.7185292
,4fctthduGfE,0,1,1607010234.7290504
,6xHq9cLaAfI,0,1,1607010234.7375972
,s7vP7OAR1Nk,0,1,1607010234.7505083
,j1zn4EiwKwE,0,1,1607010234.7605166
,pqpXYYENUfI,0,1,1607010234.7704546
,W5nlAdhZyBE,0,1,1607010234.7804286
,8Km5m_fksZs,0,1,1607010234.7904007
,8Km5m_fksZs,0,1,1607010234.7983801
,5TP65tW0qLQ,0,1,1607010234.8073554
,AKuqjFE5XK4,0,1,1607010234.8153348
,zAjNq7W_ubc,0,1,1607010234.8233137
,YBrpDxmSbdM,0,1,1607010234.8312917
,f4Tl6H0qu7k,0,1,1607010234.8402698
,F5KUEDgUjrk,0,1,1607010234.8492432
,1tHzfp1MEmA,0,1,1607010234.8575964
,5MkywnFVuZ8,0,1,1607010234.8655744
,qGNzyNNUMkw,0,1,1607010234.8735542
,zxceJ01Hroc,0,1,1607010234.8815331
,Q2WH2JmyjV0,0,1,1607010234.8905077
tLiuu4nz9nc,MoGuH3JbMPw&t=350s,1,0,1607010240.1886299
tLiuu4nz9nc,BAywQ80TKKc,0,0,1607010240.207653
tLiuu4nz9nc,CVwwMy9JkYs,0,0,1607010240.2246077
tLiuu4nz9nc,sFyEY0o2aiE,0,0,1607010240.242528
tLiuu4nz9nc,28W5mOedfyg,0,0,1607010240.2594378
tLiuu4nz9nc,QuC52IoTczY,0,0,1607010240.2763927
tLiuu4nz9nc,Wa901cyXFJ0,0,0,1607010240.2933476
tLiuu4nz9nc,hMSkSdO3osY,0,0,1607010240.3099663
tLiuu4nz9nc,o4z5Q3pqzNI,0,0,1607010240.3269203
tLiuu4nz9nc,CZDFuBBq1wI,0,0,1607010240.3439217
tLiuu4nz9nc,FXtcIk0d3GQ,0,0,1607010240.3609061
tLiuu4nz9nc,E0jf6iLLxIk,0,0,1607010240.3780413
tLiuu4nz9nc,6gnlgdBobRA,0,0,1607010240.3953106
tLiuu4nz9nc,uiSmQ_MZosE,0,0,1607010240.4122832
tLiuu4nz9nc,ZesJwAwCQVI,0,0,1607010240.4292376
tLiuu4nz9nc,rkIlWuj1d0M,0,0,1607010240.4460564
tLiuu4nz9nc,OxC8lD5u5hs,0,0,1607010240.464556
tLiuu4nz9nc,3OZoOCcD25g,0,0,1607010240.4815452
tLiuu4nz9nc,pjC7Lntf1Zo,0,0,1607010240.4988148
tLiuu4nz9nc,stvmvxlQFYw,0,0,1607010240.5147722
,1WY3yudF7Yk,1,1,1607010503.4311936
,BAywQ80TKKc,0,1,1607010503.4417639
,GGM6cIzLykE,0,1,1607010503.4510558
,pPfaViTAeD8,0,1,1607010503.4615855
,O84Kxzs6Gyg,0,1,1607010503.4715593
,FCSaXPYJ1zk,0,1,1607010503.4815319
,jGFNYB6jJJ8,0,1,1607010503.489511
,8Km5m_fksZs,0,1,1607010503.498998
,8Km5m_fksZs,0,1,1607010503.5077345
,5TP65tW0qLQ,0,1,1607010503.5170474
,AKuqjFE5XK4,0,1,1607010503.5256865
,zAjNq7W_ubc,0,1,1607010503.5367415
,YBrpDxmSbdM,0,1,1607010503.5453286
,f4Tl6H0qu7k,0,1,1607010503.5540848
,F5KUEDgUjrk,0,1,1607010503.5630636
,1tHzfp1MEmA,0,1,1607010503.5710418
,5MkywnFVuZ8,0,1,1607010503.5800183
,qGNzyNNUMkw,0,1,1607010503.5886116
,zxceJ01Hroc,0,1,1607010503.5975897
,CV-YDccUxD4,0,1,1607010503.605568
1WY3yudF7Yk,Wa901cyXFJ0,1,0,1607010508.9191267
1WY3yudF7Yk,o4z5Q3pqzNI,0,0,1607010508.9363697
1WY3yudF7Yk,KZcSwehImLE,0,0,1607010508.9538326
1WY3yudF7Yk,CVwwMy9JkYs,0,0,1607010508.9707525
1WY3yudF7Yk,PKQTDX5yvds,0,0,1607010508.9897041
1WY3yudF7Yk,hMSkSdO3osY,0,0,1607010509.0063965
1WY3yudF7Yk,gj93LACo8TU,0,0,1607010509.0239787
1WY3yudF7Yk,7N3HsaLUCxY,0,0,1607010509.041517
1WY3yudF7Yk,BAywQ80TKKc,0,0,1607010509.058817
1WY3yudF7Yk,CZDFuBBq1wI,0,0,1607010509.075777
1WY3yudF7Yk,ZDwF5F80-Ks,0,0,1607010509.093128
1WY3yudF7Yk,FXtcIk0d3GQ,0,0,1607010509.1101606
1WY3yudF7Yk,qOb5aqarEsg,0,0,1607010509.1261177
1WY3yudF7Yk,6PH5iIUos8M,0,0,1607010509.1429667
1WY3yudF7Yk,ZesJwAwCQVI,0,0,1607010509.1599185
1WY3yudF7Yk,wXIg97hfY1k,0,0,1607010509.1761217
1WY3yudF7Yk,X2ymWtdlpww,0,0,1607010509.1932645
1WY3yudF7Yk,QHegI5Z_Dgg,0,0,1607010509.2082334
1WY3yudF7Yk,CV-YDccUxD4,0,0,1607010509.225798
1WY3yudF7Yk,VoquwMmZW9Y,0,0,1607010509.2417865
,aQp9Zbsq8_o,1,1,1607010839.1818292
,vyJU_1CvhOU,0,1,1607010839.1910644
,d8Pzcdm0d2k,0,1,1607010839.201447
,BAywQ80TKKc,0,1,1607010839.2120268
,ZesJwAwCQVI,0,1,1607010839.2207894
,0ic6s7Xu2h8,0,1,1607010839.2305286
,UINoVFBWI-g,0,1,1607010839.2378337
,8Km5m_fksZs,0,1,1607010839.247692
,8Km5m_fksZs,0,1,1607010839.2578776
,AKuqjFE5XK4,0,1,1607010839.2671478
,5TP65tW0qLQ,0,1,1607010839.2764392
,zAjNq7W_ubc,0,1,1607010839.2841136
,YBrpDxmSbdM,0,1,1607010839.2940862
,f4Tl6H0qu7k,0,1,1607010839.3020656
,F5KUEDgUjrk,0,1,1607010839.310465
,5MkywnFVuZ8,0,1,1607010839.31941
,qGNzyNNUMkw,0,1,1607010839.3284943
,1tHzfp1MEmA,0,1,1607010839.3366249
,zxceJ01Hroc,0,1,1607010839.3459427
,OFQzETYtbj4,0,1,1607010839.3539236
aQp9Zbsq8_o,TK6fzk4zt2w,1,0,1607010844.6808796
aQp9Zbsq8_o,CVwwMy9JkYs,0,0,1607010844.69815
aQp9Zbsq8_o,J6bKCMLiwRo,0,0,1607010844.7153075
aQp9Zbsq8_o,hMSkSdO3osY,0,0,1607010844.7741506
aQp9Zbsq8_o,N_EKXtviYI0,0,0,1607010844.7921023
aQp9Zbsq8_o,BAywQ80TKKc,0,0,1607010844.8140628
aQp9Zbsq8_o,gj93LACo8TU,0,0,1607010844.8310156
aQp9Zbsq8_o,DWax16p5Ycs,0,0,1607010844.8477275
aQp9Zbsq8_o,xGTN7oYZ1nM,0,0,1607010844.8646321
aQp9Zbsq8_o,ZesJwAwCQVI,0,0,1607010844.880895
aQp9Zbsq8_o,CZDFuBBq1wI,0,0,1607010844.89782
aQp9Zbsq8_o,6PH5iIUos8M,0,0,1607010844.9143207
aQp9Zbsq8_o,1ZBaK5LcF_c,0,0,1607010844.931076
aQp9Zbsq8_o,zdViQUJV9yE,0,0,1607010844.9480295
aQp9Zbsq8_o,pjC7Lntf1Zo,0,0,1607010844.9641361
aQp9Zbsq8_o,VoquwMmZW9Y,0,0,1607010844.9810953
aQp9Zbsq8_o,3nKx-vS7big,0,0,1607010844.9977052
aQp9Zbsq8_o,OD8Wf5h_dhM,0,0,1607010845.0146616
aQp9Zbsq8_o,CVcaYv7RmTw,0,0,1607010845.0306191
aQp9Zbsq8_o,CV-YDccUxD4,0,0,1607010845.04772
,QXQZ2EmBo58,1,1,1607010984.109344
,ZDfh0xKfaiU,0,1,1607010984.1221716
,xMS2ajIvun0,0,1,1607010984.1321468
,xdMEOVg168M,0,1,1607010984.1471074
,_pwnouLIcZo,0,1,1607010984.1584692
,IFHCkor_1B0,0,1,1607010984.1676433
,qmd0hJuKZns,0,1,1607010984.1766229
,8Km5m_fksZs,0,1,1607010984.1849616
,8Km5m_fksZs,0,1,1607010984.1943204
,AKuqjFE5XK4,0,1,1607010984.202581
,5TP65tW0qLQ,0,1,1607010984.2123547
,zAjNq7W_ubc,0,1,1607010984.2203357
,YBrpDxmSbdM,0,1,1607010984.229312
,f4Tl6H0qu7k,0,1,1607010984.239913
,F5KUEDgUjrk,0,1,1607010984.2484648
,5MkywnFVuZ8,0,1,1607010984.2570689
,qGNzyNNUMkw,0,1,1607010984.2659085
,1tHzfp1MEmA,0,1,1607010984.2748916
,zxceJ01Hroc,0,1,1607010984.282872
,0qUBaFcyw4c,0,1,1607010984.2918487
QXQZ2EmBo58,ahd2bbGoGTs,1,0,1607010989.5939958
QXQZ2EmBo58,BAywQ80TKKc,0,0,1607010989.6115353
QXQZ2EmBo58,o4z5Q3pqzNI,0,0,1607010989.629398
QXQZ2EmBo58,CZDFuBBq1wI,0,0,1607010989.6459398
QXQZ2EmBo58,FmUFmMO7k7I,0,0,1607010989.6658165
QXQZ2EmBo58,FXtcIk0d3GQ,0,0,1607010989.6817868
QXQZ2EmBo58,gj93LACo8TU,0,0,1607010989.699324
QXQZ2EmBo58,CV-YDccUxD4,0,0,1607010989.715258
QXQZ2EmBo58,cU2cYDa-xNQ,0,0,1607010989.7322137
QXQZ2EmBo58,FUWVk1WbqAM,0,0,1607010989.7475224
QXQZ2EmBo58,vsSYi2xIrsQ,0,0,1607010989.7645576
QXQZ2EmBo58,5WcojLyyuzo,0,0,1607010989.7810285
QXQZ2EmBo58,dID4I9t4VHc,0,0,1607010989.7992463
QXQZ2EmBo58,VoquwMmZW9Y,0,0,1607010989.8155377
QXQZ2EmBo58,9nUPW5xWHy0,0,0,1607010989.8325837
QXQZ2EmBo58,wzyj834bfGU,0,0,1607010989.8492434
QXQZ2EmBo58,ZesJwAwCQVI,0,0,1607010989.8663924
QXQZ2EmBo58,bPAdYOuaBYo,0,0,1607010989.8821962
QXQZ2EmBo58,xbyZZn-cLIc,0,0,1607010989.8995426
QXQZ2EmBo58,gjnvrUanhWM,0,0,1607010989.9158556
,q52nQylNGF4,1,1,1607011285.4448895
,ZoW1Vw271bM,0,1,1607011285.4558442
,BAywQ80TKKc,0,1,1607011285.4659643
,0hN3dJanf04,0,1,1607011285.4763825
,B5YLxhCOsYo,0,1,1607011285.4866798
,0Ync9a8c5Pw,0,1,1607011285.4956577
,M_2zxF8oARI,0,1,1607011285.5065835
,8Km5m_fksZs,0,1,1607011285.5165632
,8Km5m_fksZs,0,1,1607011285.5255349
,AKuqjFE5XK4,0,1,1607011285.5355525
,5TP65tW0qLQ,0,1,1607011285.5454812
,zAjNq7W_ubc,0,1,1607011285.5554554
,YBrpDxmSbdM,0,1,1607011285.5664265
,f4Tl6H0qu7k,0,1,1607011285.5754027
,F5KUEDgUjrk,0,1,1607011285.585376
,5MkywnFVuZ8,0,1,1607011285.5946274
,qGNzyNNUMkw,0,1,1607011285.6055982
,1tHzfp1MEmA,0,1,1607011285.615627
,zxceJ01Hroc,0,1,1607011285.6255958
,L1br3kbgRzo,0,1,1607011285.6365678
q52nQylNGF4,RbGpUemSXAA&t=17s,1,0,1607011290.9475539
q52nQylNGF4,hMSkSdO3osY,0,0,1607011290.9645748
q52nQylNGF4,J6bKCMLiwRo,0,0,1607011290.9828608
q52nQylNGF4,Fy6T4y4rAeA,0,0,1607011290.9993346
q52nQylNGF4,TK6fzk4zt2w,0,0,1607011291.0162902
q52nQylNGF4,wXIg97hfY1k,0,0,1607011291.0322468
q52nQylNGF4,-spx5xl2XUU,0,0,1607011291.04815
q52nQylNGF4,dxp4WCkGJrA,0,0,1607011291.065094
q52nQylNGF4,FXtcIk0d3GQ,0,0,1607011291.0817204
q52nQylNGF4,dP32yVH2WB0,0,0,1607011291.098506
q52nQylNGF4,xGTN7oYZ1nM,0,0,1607011291.1142738
q52nQylNGF4,nQtneUfaWE4,0,0,1607011291.1311827
q52nQylNGF4,cSOhwIOARWg,0,0,1607011291.1471405
q52nQylNGF4,VoquwMmZW9Y,0,0,1607011291.162472
q52nQylNGF4,fxzFR8sz2_w,0,0,1607011291.1803427
q52nQylNGF4,79bRTv2krJA,0,0,1607011291.195617
q52nQylNGF4,J3Dp9EnTt5U,0,0,1607011291.2129943
q52nQylNGF4,9nUPW5xWHy0,0,0,1607011291.2303565
q52nQylNGF4,zdViQUJV9yE,0,0,1607011291.249466
q52nQylNGF4,V_L5T5MzyIE,0,0,1607011291.2674196
,PKQTDX5yvds,1,1,1607011481.616101
,osdzBG17RLY,0,1,1607011481.626074
,j_eQgDh5V1Y,0,1,1607011481.6360471
,VV5CmKPcpfA,0,1,1607011481.647018
,OFQzETYtbj4,0,1,1607011481.6559944
,jU-JjgDcQG0,0,1,1607011481.664971
,OD8Wf5h_dhM,0,1,1607011481.6729486
,8Km5m_fksZs,0,1,1607011481.681924
,8Km5m_fksZs,0,1,1607011481.6918972
,AKuqjFE5XK4,0,1,1607011481.700874
,5TP65tW0qLQ,0,1,1607011481.7088523
,zAjNq7W_ubc,0,1,1607011481.7178283
,YBrpDxmSbdM,0,1,1607011481.7258065
,f4Tl6H0qu7k,0,1,1607011481.733786
,F5KUEDgUjrk,0,1,1607011481.742762
,5MkywnFVuZ8,0,1,1607011481.7507398
,qGNzyNNUMkw,0,1,1607011481.7587187
,1tHzfp1MEmA,0,1,1607011481.7676945
,zxceJ01Hroc,0,1,1607011481.7746754
,JMrXxR2FWFo,0,1,1607011481.7836528
PKQTDX5yvds,HDw8AfWXrZQ,1,0,1607011487.0885298
PKQTDX5yvds,ZLwCl3-3yJY,0,0,1607011487.1046913
PKQTDX5yvds,Fy6T4y4rAeA,0,0,1607011487.121646
PKQTDX5yvds,ifNQRgn2Sb4,0,0,1607011487.1395547
PKQTDX5yvds,CV-YDccUxD4,0,0,1607011487.1598206
PKQTDX5yvds,tzB_s6F7_0s,0,0,1607011487.1771495
PKQTDX5yvds,Gp-0eeGUq6Y,0,0,1607011487.1959393
PKQTDX5yvds,uSdp-bZJZ4c,0,0,1607011487.2137887
PKQTDX5yvds,5WcojLyyuzo,0,0,1607011487.2316403
PKQTDX5yvds,FXtcIk0d3GQ,0,0,1607011487.2483733
PKQTDX5yvds,cSOhwIOARWg,0,0,1607011487.2655747
PKQTDX5yvds,rFK_l0r-p80,0,0,1607011487.2826822
PKQTDX5yvds,TiVNgBq8Sl0,0,0,1607011487.3003254
PKQTDX5yvds,NNO3ardMcc0,0,0,1607011487.31728
PKQTDX5yvds,ZesJwAwCQVI,0,0,1607011487.333945
PKQTDX5yvds,vN1QHyYjxX0,0,0,1607011487.3511398
PKQTDX5yvds,BAywQ80TKKc,0,0,1607011487.368475
PKQTDX5yvds,ruWVJYjQv7k,0,0,1607011487.387321
PKQTDX5yvds,MoGuH3JbMPw,0,0,1607011487.4048626
PKQTDX5yvds,aDE_WiHFhtM,0,0,1607011487.4353397
,aDE_WiHFhtM,1,1,1607012105.2838259
,sEpp_unRLlE,0,1,1607012105.2958314
,B5YLxhCOsYo,0,1,1607012105.3067658
,uAz0LS39t3s,0,1,1607012105.3177357
,QGkWgwLpooM,0,1,1607012105.327709
,BAywQ80TKKc,0,1,1607012105.339678
,qOradie8WzI,0,1,1607012105.3486657
,8Km5m_fksZs,0,1,1607012105.3586268
,8Km5m_fksZs,0,1,1607012105.3676033
,AKuqjFE5XK4,0,1,1607012105.3765974
,5TP65tW0qLQ,0,1,1607012105.384589
,zAjNq7W_ubc,0,1,1607012105.3945286
,YBrpDxmSbdM,0,1,1607012105.4026859
,f4Tl6H0qu7k,0,1,1607012105.4116282
,F5KUEDgUjrk,0,1,1607012105.4206367
,5MkywnFVuZ8,0,1,1607012105.4295795
,qGNzyNNUMkw,0,1,1607012105.4395535
,1tHzfp1MEmA,0,1,1607012105.4485655
,zxceJ01Hroc,0,1,1607012105.4565082
,nM-Npar8Sq8,0,1,1607012105.465423
aDE_WiHFhtM,ZLwCl3-3yJY,1,0,1607012110.7896552
aDE_WiHFhtM,SxyQETg8LfY,0,0,1607012110.807078
aDE_WiHFhtM,ACCdFjUrd2Y,0,0,1607012110.8270254
aDE_WiHFhtM,zJk5dJDrMYQ,0,0,1607012110.84398
aDE_WiHFhtM,3rBz0rWFd9o,0,0,1607012110.8615892
aDE_WiHFhtM,LU3p8sJXXhc,0,0,1607012110.8788996
aDE_WiHFhtM,Fy6T4y4rAeA,0,0,1607012110.895797
aDE_WiHFhtM,vsSYi2xIrsQ,0,0,1607012110.9127522
aDE_WiHFhtM,dSHiH4S0TTs,0,0,1607012110.9317017
aDE_WiHFhtM,6PH5iIUos8M,0,0,1607012110.9486563
aDE_WiHFhtM,FXtcIk0d3GQ,0,0,1607012110.9666083
aDE_WiHFhtM,gj93LACo8TU,0,0,1607012110.9855573
aDE_WiHFhtM,s6HAljC8PRo,0,0,1607012111.004507
aDE_WiHFhtM,5WcojLyyuzo,0,0,1607012111.019467
aDE_WiHFhtM,ZesJwAwCQVI,0,0,1607012111.0377934
aDE_WiHFhtM,VoquwMmZW9Y,0,0,1607012111.054751
aDE_WiHFhtM,xZuXG6WWPg0,0,0,1607012111.0707054
aDE_WiHFhtM,ciSQPVVsXCE,0,0,1607012111.086596
aDE_WiHFhtM,izHbS7rETVg,0,0,1607012111.1037087
aDE_WiHFhtM,IqkZHHivKhQ,0,0,1607012111.1196122
,nM-Npar8Sq8,1,1,1607012252.235619
,_eV0jQVWyzY,0,1,1607012252.2455916
,B5YLxhCOsYo,0,1,1607012252.2555676
,GC9R-fXFj7A,0,1,1607012252.2663162
,PuzS5pOrEdc,0,1,1607012252.276578
,ipLBjxbRSyQ,0,1,1607012252.2873755
,kUws3YrtzCc,0,1,1607012252.296698
,8Km5m_fksZs,0,1,1607012252.3060436
,8Km5m_fksZs,0,1,1607012252.315183
,AKuqjFE5XK4,0,1,1607012252.325311
,5TP65tW0qLQ,0,1,1607012252.334286
,YBrpDxmSbdM,0,1,1607012252.34426
,f4Tl6H0qu7k,0,1,1607012252.3542352
,F5KUEDgUjrk,0,1,1607012252.363925
,5MkywnFVuZ8,0,1,1607012252.3731284
,1tHzfp1MEmA,0,1,1607012252.3822017
,qGNzyNNUMkw,0,1,1607012252.3911793
,aB9iW-jfQkE,0,1,1607012252.3991587
,zxceJ01Hroc,0,1,1607012252.4091322
,I0VPKblZO9M,0,1,1607012252.418108
nM-Npar8Sq8,zJk5dJDrMYQ,1,0,1607012257.7304554
nM-Npar8Sq8,MoGuH3JbMPw,0,0,1607012257.7494051
nM-Npar8Sq8,3rBz0rWFd9o,0,0,1607012257.7702305
nM-Npar8Sq8,sKHO1AwGpuY,0,0,1607012257.7893484
nM-Npar8Sq8,sNwh3yF7FCQ,0,0,1607012257.8082967
nM-Npar8Sq8,vsSYi2xIrsQ,0,0,1607012257.8272462
nM-Npar8Sq8,DZU3cvtd6Gg,0,0,1607012257.8461957
nM-Npar8Sq8,xbyZZn-cLIc,0,0,1607012257.863151
nM-Npar8Sq8,gjnvrUanhWM,0,0,1607012257.8801053
nM-Npar8Sq8,vk4oZ7RW6Ug,0,0,1607012257.9020486
nM-Npar8Sq8,NNO3ardMcc0,0,0,1607012257.9199984
nM-Npar8Sq8,CZDFuBBq1wI,0,0,1607012257.959891
nM-Npar8Sq8,VoquwMmZW9Y,0,0,1607012257.9788415
nM-Npar8Sq8,5WcojLyyuzo,0,0,1607012258.0027776
nM-Npar8Sq8,GtM_sIvRlDM,0,0,1607012258.0267127
nM-Npar8Sq8,dID4I9t4VHc,0,0,1607012258.0586288
nM-Npar8Sq8,9nUPW5xWHy0,0,0,1607012258.0975246
nM-Npar8Sq8,ZesJwAwCQVI,0,0,1607012258.1294384
nM-Npar8Sq8,ngyVRfuWMQ8,0,0,1607012258.1613536
nM-Npar8Sq8,o43aXugLfNA,0,0,1607012258.2042382
,CV-YDccUxD4,1,1,1607012528.0233953
,0YwFWkY0nI0,0,1,1607012528.0335994
,aR1uPuHOxXw,0,1,1607012528.043573
,B5YLxhCOsYo,0,1,1607012528.0555568
,pgnVstqRRho,0,1,1607012528.0655327
,cWLE9KX3Voo,0,1,1607012528.075525
,Tb663GCaMGc,0,1,1607012528.0839844
,8Km5m_fksZs,0,1,1607012528.0938265
,8Km5m_fksZs,0,1,1607012528.1018095
,AKuqjFE5XK4,0,1,1607012528.1118102
,5TP65tW0qLQ,0,1,1607012528.1227846
,YBrpDxmSbdM,0,1,1607012528.1327925
,f4Tl6H0qu7k,0,1,1607012528.1427298
,F5KUEDgUjrk,0,1,1607012528.1517055
,5MkywnFVuZ8,0,1,1607012528.1606827
,1tHzfp1MEmA,0,1,1607012528.171653
,qGNzyNNUMkw,0,1,1607012528.181362
,aB9iW-jfQkE,0,1,1607012528.190307
,zxceJ01Hroc,0,1,1607012528.1982872
,0ic6s7Xu2h8,0,1,1607012528.2083247
CV-YDccUxD4,FXtcIk0d3GQ,1,0,1607012533.504995
CV-YDccUxD4,ZesJwAwCQVI,0,0,1607012533.5239785
CV-YDccUxD4,md-KrR0Dj_w,0,0,1607012533.540909
CV-YDccUxD4,ifNQRgn2Sb4,0,0,1607012533.560513
CV-YDccUxD4,sPPl011PJeg,0,0,1607012533.5762212
CV-YDccUxD4,VoquwMmZW9Y,0,0,1607012533.5939865
CV-YDccUxD4,cSOhwIOARWg,0,0,1607012533.6109087
CV-YDccUxD4,RbGpUemSXAA,0,0,1607012533.6289868
CV-YDccUxD4,aeSWRHJdBTU,0,0,1607012533.6453178
CV-YDccUxD4,OD8Wf5h_dhM,0,0,1607012533.6622732
CV-YDccUxD4,gAuYLXuTmCw,0,0,1607012533.6785502
CV-YDccUxD4,xHsMO9s7ZnE,0,0,1607012533.6963158
CV-YDccUxD4,qMgjmzxiTQ8,0,0,1607012533.71327
CV-YDccUxD4,FnFuJ4PlVsc,0,0,1607012533.7302248
CV-YDccUxD4,RX6bWA2Jw54,0,0,1607012533.7671344
CV-YDccUxD4,Hn-1HDVIA4I,0,0,1607012533.7830427
CV-YDccUxD4,EKmP7BaEwtU,0,0,1607012533.7996671
CV-YDccUxD4,ooqgR6KPg14,0,0,1607012533.8167129
CV-YDccUxD4,YKDnUJmmtsg,0,0,1607012533.8332992
CV-YDccUxD4,dSHiH4S0TTs,0,0,1607012533.8492742
,sT7ldICK9Y0,1,1,1607012853.8853586
,eq1BvCEghqM,0,1,1607012853.8943357
,UMfwysx-tPQ,0,1,1607012853.9030142
,86ULlSypAZw,0,1,1607012853.913984
,-iPVL0UV9Kw,0,1,1607012853.9229262
,B5YLxhCOsYo,0,1,1607012853.9319017
,j1zn4EiwKwE,0,1,1607012853.9398808
,Y6uiGOam3Ww,0,1,1607012853.9478595
,Y6uiGOam3Ww,0,1,1607012853.9568632
,8Km5m_fksZs,0,1,1607012853.9648135
,AKuqjFE5XK4,0,1,1607012853.9758341
,zAjNq7W_ubc,0,1,1607012853.9837625
,5TP65tW0qLQ,0,1,1607012853.991775
,YBrpDxmSbdM,0,1,1607012854.0002818
,f4Tl6H0qu7k,0,1,1607012854.00896
,F5KUEDgUjrk,0,1,1607012854.0164192
,5MkywnFVuZ8,0,1,1607012854.0253954
,qGNzyNNUMkw,0,1,1607012854.033335
,1tHzfp1MEmA,0,1,1607012854.04358
,UuqWysy_pIk,0,1,1607012854.0520504
sT7ldICK9Y0,014npOA0t-s,1,0,1607012859.3651018
sT7ldICK9Y0,KvR-26RpW8k,0,0,1607012859.3820426
sT7ldICK9Y0,2ygKUOGyvfU,0,0,1607012859.3983517
sT7ldICK9Y0,VoquwMmZW9Y,0,0,1607012859.4153562
sT7ldICK9Y0,HS7NNj-fZu4,0,0,1607012859.4328475
sT7ldICK9Y0,MoGuH3JbMPw,0,0,1607012859.4511867
sT7ldICK9Y0,OiPH6dl-V-s,0,0,1607012859.4702687
sT7ldICK9Y0,G5Zg_pNdLLc,0,0,1607012859.488066
sT7ldICK9Y0,VxjuvSCMOgo,0,0,1607012859.5040576
sT7ldICK9Y0,OFsT5zlVYjE,0,0,1607012859.521506
sT7ldICK9Y0,dP32yVH2WB0,0,0,1607012859.538617
sT7ldICK9Y0,ZesJwAwCQVI,0,0,1607012859.5553308
sT7ldICK9Y0,stvmvxlQFYw,0,0,1607012859.5720565
sT7ldICK9Y0,S-wmJ73t1Q4,0,0,1607012859.5890343
sT7ldICK9Y0,Tb663GCaMGc,0,0,1607012859.6058426
sT7ldICK9Y0,0-th-rF8DX4,0,0,1607012859.6238294
sT7ldICK9Y0,bPAdYOuaBYo,0,0,1607012859.6417477
sT7ldICK9Y0,js7jCBsPbTc,0,0,1607012859.658517
sT7ldICK9Y0,RbGpUemSXAA,0,0,1607012859.6753283
sT7ldICK9Y0,OD8Wf5h_dhM,0,0,1607012859.692207
,70khAyT15Hc,1,1,1607269068.1207845
,X05RAIaigks,0,1,1607269068.1567771
,MoGuH3JbMPw&t=438s,0,1,1607269068.1952345
,-SqUypFSBQg,0,1,1607269068.225071
,5leXHboKYYo,0,1,1607269068.2579885
,rhc9RF9_NnY,0,1,1607269068.2870696
,WsFqHWQTfxY,0,1,1607269068.3244169
,K7UxB8W_jpk,1,1,1607269234.1727798
,62XWpQTEuak,0,1,1607269234.2544477
,n4wb2ALiXtE,0,1,1607269234.3592067
,wAD22wbc9HU,0,1,1607269234.417827
,MoGuH3JbMPw&t=438s,0,1,1607269234.4849126
,SSwgdHzkEc4,0,1,1607269234.528231
,5leXHboKYYo,0,1,1607269234.5849006
,zeFGK1KwP_E,1,1,1607269513.5033605
,_aieN7DD1tc,0,1,1607269513.5193174
,WsFqHWQTfxY,0,1,1607269513.5332808
,FvOWtmgmDp8,0,1,1607269513.5512338
,MoGuH3JbMPw&t=438s,0,1,1607269513.5661929
,Cw2lzDHIe8I,0,1,1607269513.5791593
,khfSA336wy8,0,1,1607269513.5931213
,5XKxi7cAJcI,0,1,1607269513.6100755
,o4z5Q3pqzNI,0,1,1607269513.6270304
,nQgdqOysZlI,0,1,1607269513.6429882
,rqJLPh84lTk,0,1,1607269513.6599436
,19YlDpSQBfE,0,1,1607269513.676897
,19YlDpSQBfE,0,1,1607269513.6938522
,JvfEzTzDR5A,0,1,1607269513.708812
,YKRio-Yni9w,0,1,1607269513.7167916
,64apnQVzNIM,0,1,1607269513.725767
,YCdSa8t08Yo,0,1,1607269513.7347429
,xssMPSURo2g,0,1,1607269513.7467096
,zWyVK1QW6ZI,0,1,1607269513.760676
,wAD22wbc9HU,0,1,1607269513.7746367
zeFGK1KwP_E,yMjPk-YbElY,1,0,1607269519.1078095
zeFGK1KwP_E,70khAyT15Hc,0,0,1607269519.1277585
zeFGK1KwP_E,K7UxB8W_jpk,0,0,1607269519.1467059
zeFGK1KwP_E,hfM8_A2uSX0,0,0,1607269519.1666527
zeFGK1KwP_E,dPvRYM7PWpk,0,0,1607269519.185603
zeFGK1KwP_E,rhc9RF9_NnY,0,0,1607269519.2075458
zeFGK1KwP_E,26C3oJ95pFw,0,0,1607269519.2254982
zeFGK1KwP_E,97Kt7yh2O0o,0,0,1607269519.2434506
zeFGK1KwP_E,NqLfou39FNI,0,0,1607269519.2623973
zeFGK1KwP_E,rqJLPh84lTk,0,0,1607269519.280351
zeFGK1KwP_E,N1RyOyVRIB4,0,0,1607269519.2993093
zeFGK1KwP_E,OPVp09z4CdA,0,0,1607269519.3192499
zeFGK1KwP_E,80fnKpRrFLo,0,0,1607269519.340191
zeFGK1KwP_E,91Wgl9UGuLM,0,0,1607269519.358176
zeFGK1KwP_E,2sYKnTChNVE,0,0,1607269519.3780894
zeFGK1KwP_E,cyuW1LK7-M0,0,0,1607269519.419976
zeFGK1KwP_E,pv_VllHUYKY,0,0,1607269519.4399245
zeFGK1KwP_E,Gr0fsppDVMg,0,0,1607269519.4599073
zeFGK1KwP_E,RbGpUemSXAA,0,0,1607269519.4808147
zeFGK1KwP_E,y0ATRQO96qs,0,0,1607269519.4997637
,70khAyT15Hc,1,1,1607269638.768636
,MD0_2IGfLYc,0,1,1607269638.7825654
,55gt9D05wKQ,0,1,1607269638.797527
,TcCdLtU8tkU,0,1,1607269638.8134835
,MoGuH3JbMPw&t=438s,0,1,1607269638.8304386
,2ygKUOGyvfU&t=45s,0,1,1607269638.849387
,n4wb2ALiXtE,0,1,1607269638.8633518
,rqJLPh84lTk,0,1,1607269638.8793075
,9Wd5aNhmf74,0,1,1607269638.8962603
,zBkjEMU8OxM,0,1,1607269638.9132147
,jeQJ25XtM-Y,0,1,1607269638.9291723
,19YlDpSQBfE,0,1,1607269638.9461272
,19YlDpSQBfE,0,1,1607269638.9630852
,JvfEzTzDR5A,0,1,1607269638.9800355
,YKRio-Yni9w,0,1,1607269638.9959939
,64apnQVzNIM,0,1,1607269639.012951
,YCdSa8t08Yo,0,1,1607269639.0299044
,xssMPSURo2g,0,1,1607269639.0458603
,zWyVK1QW6ZI,0,1,1607269639.0628147
,o4z5Q3pqzNI,0,1,1607269639.0797696
70khAyT15Hc,-I9BdClHOTA,1,0,1607269644.4582741
70khAyT15Hc,dKLKcev_5sI,0,0,1607269644.494174
70khAyT15Hc,Gr0fsppDVMg,0,0,1607269644.5288765
70khAyT15Hc,K7UxB8W_jpk,0,0,1607269644.5627863
70khAyT15Hc,NqLfou39FNI,0,0,1607269644.589716
70khAyT15Hc,xljgbPh2cIE,0,0,1607269644.6136522
70khAyT15Hc,jk40w5sCPTs,0,0,1607269644.6355932
70khAyT15Hc,rqJLPh84lTk,0,0,1607269644.65953
70khAyT15Hc,OPVp09z4CdA,0,0,1607269644.6834667
70khAyT15Hc,QOLr6hm7o0Y,0,0,1607269644.7073998
70khAyT15Hc,N1RyOyVRIB4,0,0,1607269644.7573
70khAyT15Hc,oepyZnixZP0,0,0,1607269644.7841947
70khAyT15Hc,ZLwCl3-3yJY,0,0,1607269644.8360581
70khAyT15Hc,6PH5iIUos8M,0,0,1607269644.8589957
70khAyT15Hc,aYV9vRImgUU,0,0,1607269644.8889153
70khAyT15Hc,CZDFuBBq1wI,0,0,1607269644.9208314
70khAyT15Hc,SEzlrgr5KHI,0,0,1607269644.960724
70khAyT15Hc,W_FrwNQySvs,0,0,1607269644.9986217
70khAyT15Hc,MoGuH3JbMPw,0,0,1607269645.028542
70khAyT15Hc,DecSWW5QFVY,0,0,1607269645.053473
,rqJLPh84lTk,1,1,1607269741.482118
,vS_RxjyXK1c,0,1,1607269741.4930892
,yql-mpgNY2U,0,1,1607269741.53797
,XIAor5VAjuE,0,1,1607269741.5778637
,MoGuH3JbMPw&t=438s,0,1,1607269741.6097775
,wAD22wbc9HU,0,1,1607269741.6277304
,FvOWtmgmDp8,0,1,1607269741.643687
,Cxk42AKlNlU,0,1,1607269741.6596491
,hHwZptsCNZY&t=7s,0,1,1607269741.678638
,-SqUypFSBQg,0,1,1607269741.6935532
,SBlajc8mqKk,0,1,1607269741.7095094
,19YlDpSQBfE,0,1,1607269741.7254739
,19YlDpSQBfE,0,1,1607269741.7424226
,JvfEzTzDR5A,0,1,1607269741.7523968
,YKRio-Yni9w,0,1,1607269741.7633653
,64apnQVzNIM,0,1,1607269741.7753336
,YCdSa8t08Yo,0,1,1607269741.795282
,xssMPSURo2g,0,1,1607269741.8142304
,o4z5Q3pqzNI,0,1,1607269741.8471432
,cGoGnjjfUAg,0,1,1607269741.881052
rqJLPh84lTk,-1m1P75Ea8E,1,0,1607269747.22297
rqJLPh84lTk,OPVp09z4CdA,0,0,1607269747.2469063
rqJLPh84lTk,Gr0fsppDVMg,0,0,1607269747.2688477
rqJLPh84lTk,kPN5zVkLEmQ,0,0,1607269747.294778
rqJLPh84lTk,K7UxB8W_jpk,0,0,1607269747.3147235
rqJLPh84lTk,3TXMhQsn2pc,0,0,1607269747.3356707
rqJLPh84lTk,IOHLJuf9JKs,0,0,1607269747.3596401
rqJLPh84lTk,jk40w5sCPTs,0,0,1607269747.3795505
rqJLPh84lTk,beN615_cnr0,0,0,1607269747.3994973
rqJLPh84lTk,NqLfou39FNI,0,0,1607269747.420441
rqJLPh84lTk,80fnKpRrFLo,0,0,1607269747.43919
rqJLPh84lTk,bPAdYOuaBYo,0,0,1607269747.4591355
rqJLPh84lTk,Is3sAIzZnJM,0,0,1607269747.4860685
rqJLPh84lTk,N1RyOyVRIB4,0,0,1607269747.5149872
rqJLPh84lTk,0uBtEYR--Hk,0,0,1607269747.54391
rqJLPh84lTk,rhc9RF9_NnY,0,0,1607269747.571836
rqJLPh84lTk,CZDFuBBq1wI,0,0,1607269747.5937765
rqJLPh84lTk,E_ac2bUO5KQ,0,0,1607269747.612726
rqJLPh84lTk,zJruzheDqrw,0,0,1607269747.6314182
rqJLPh84lTk,Ou2JJKvI9gU,0,0,1607269747.6493936
,beN615_cnr0,1,1,1607269894.4366097
,aZnG1QG0nW8,0,1,1607269894.4505718
,WsFqHWQTfxY,0,1,1607269894.4615412
,91Wgl9UGuLM,0,1,1607269894.4755042
,SBlajc8mqKk,0,1,1607269894.5034294
,sB-T8H-TJEg,0,1,1607269894.5313542
,Pu8JO56fwt8,0,1,1607269894.5592825
,o4z5Q3pqzNI,0,1,1607269894.5712519
,-SqUypFSBQg,0,1,1607269894.5872054
,EINRNjCYTXY&t=7s,0,1,1607269894.6041613
,AJhM0hVXclg,0,1,1607269894.6211154
,19YlDpSQBfE,0,1,1607269894.63807
,19YlDpSQBfE,0,1,1607269894.6550243
,JvfEzTzDR5A,0,1,1607269894.6719785
,YKRio-Yni9w,0,1,1607269894.6879373
,64apnQVzNIM,0,1,1607269894.704892
,YCdSa8t08Yo,0,1,1607269894.72085
,xssMPSURo2g,0,1,1607269894.7378042
,TUIGdvp3pPw&t=48s,0,1,1607269894.7537613
,P3PR5Ovhro0,0,1,1607269894.7707152
beN615_cnr0,IrauF74kGv0,1,0,1607269900.1124952
beN615_cnr0,K7UxB8W_jpk,0,0,1607269900.1394193
beN615_cnr0,wmW0AJaB2Rw,0,0,1607269900.1613586
beN615_cnr0,80fnKpRrFLo,0,0,1607269900.184298
beN615_cnr0,N1RyOyVRIB4,0,0,1607269900.2092307
beN615_cnr0,bPAdYOuaBYo,0,0,1607269900.233166
beN615_cnr0,NLKTmbXUWaA,0,0,1607269900.2581005
beN615_cnr0,jk40w5sCPTs,0,0,1607269900.2810385
beN615_cnr0,9nUPW5xWHy0,0,0,1607269900.3069706
beN615_cnr0,P_T0iC3LjZA,0,0,1607269900.3289106
beN615_cnr0,kcTeoScLghU,0,0,1607269900.3508523
beN615_cnr0,OPVp09z4CdA,0,0,1607269900.373791
beN615_cnr0,zJruzheDqrw,0,0,1607269900.3957691
beN615_cnr0,Gr0fsppDVMg,0,0,1607269900.4206674
beN615_cnr0,NqLfou39FNI,0,0,1607269900.444601
beN615_cnr0,qOb5aqarEsg,0,0,1607269900.4675403
beN615_cnr0,CnuLxEVe4Ns,0,0,1607269900.4905133
beN615_cnr0,fDYZU0A1BIg,0,0,1607269900.515413
beN615_cnr0,L9SbJGF2Bb0,0,0,1607269900.541346
beN615_cnr0,zXOKy9_GQn0,0,0,1607269900.5632846
,80fnKpRrFLo,1,1,1607270044.8579335
,RK3zKx7B8XA,0,1,1607270044.8669102
,yql-mpgNY2U,0,1,1607270044.8768835
,E4oPlp4fzQk,0,1,1607270044.899823
,go3lUDfPWK4,0,1,1607270044.9167776
,-SqUypFSBQg,0,1,1607270044.9606595
,STp3cQQvm8E,0,1,1607270044.9709427
,K1mpVs5ki9w,0,1,1607270044.9823666
,Cw2lzDHIe8I,0,1,1607270044.998878
,hZMGdIdg5_8,0,1,1607270045.008536
,ENc9DYFdJNw&t=2s,0,1,1607270045.0185096
,19YlDpSQBfE,0,1,1607270045.0272088
,19YlDpSQBfE,0,1,1607270045.0366926
,JvfEzTzDR5A,0,1,1607270045.0450647
,YKRio-Yni9w,0,1,1607270045.0584245
,64apnQVzNIM,0,1,1607270045.0674996
,YCdSa8t08Yo,0,1,1607270045.07548
,xssMPSURo2g,0,1,1607270045.0854537
,bF_4CYIL49k,0,1,1607270045.093947
,o4z5Q3pqzNI,0,1,1607270045.1029239
80fnKpRrFLo,6PH5iIUos8M,1,0,1607270050.4394886
80fnKpRrFLo,K7UxB8W_jpk,0,0,1607270050.457641
80fnKpRrFLo,jk40w5sCPTs,0,0,1607270050.4756026
80fnKpRrFLo,NqLfou39FNI,0,0,1607270050.4926643
80fnKpRrFLo,P_T0iC3LjZA,0,0,1607270050.5133965
80fnKpRrFLo,F2ethtmiFyQ,0,0,1607270050.5313492
80fnKpRrFLo,GXI0l3yqBrA,0,0,1607270050.549222
80fnKpRrFLo,OPVp09z4CdA,0,0,1607270050.5661793
80fnKpRrFLo,qOb5aqarEsg,0,0,1607270050.585883
80fnKpRrFLo,kcTeoScLghU,0,0,1607270050.603113
80fnKpRrFLo,V3A6Dj1nwd8,0,0,1607270050.6202397
80fnKpRrFLo,Gr0fsppDVMg,0,0,1607270050.6381266
80fnKpRrFLo,N1RyOyVRIB4,0,0,1607270050.6541567
80fnKpRrFLo,dkva8YY6Cmk,0,0,1607270050.6711109
80fnKpRrFLo,o5hv9vjZAcM,0,0,1607270050.6881618
80fnKpRrFLo,zJruzheDqrw,0,0,1607270050.7050357
80fnKpRrFLo,bPAdYOuaBYo,0,0,1607270050.7219815
80fnKpRrFLo,L9SbJGF2Bb0,0,0,1607270050.738928
80fnKpRrFLo,zXOKy9_GQn0,0,0,1607270050.7554944
80fnKpRrFLo,Cw2lzDHIe8I,0,0,1607270050.773238
,AJhM0hVXclg,1,1,1607270837.0544565
,qJPmcBTBL6I,0,1,1607270837.067408
,coGLk2Clq3g,0,1,1607270837.0790076
,O84Kxzs6Gyg,0,1,1607270837.0940006
,K1mpVs5ki9w,0,1,1607270837.109927
,Qi-jBOgms18,0,1,1607270837.1189392
,P3PR5Ovhro0,0,1,1607270837.129875
,Cw2lzDHIe8I,0,1,1607270837.14284
,XIAor5VAjuE,0,1,1607270837.1528127
,SBlajc8mqKk,0,1,1607270837.162788
,zCFYTXx1ipQ,0,1,1607270837.1717615
,19YlDpSQBfE,0,1,1607270837.1847281
,19YlDpSQBfE,0,1,1607270837.1937046
,JvfEzTzDR5A,0,1,1607270837.2016847
,YKRio-Yni9w,0,1,1607270837.2166426
,64apnQVzNIM,0,1,1607270837.2266152
,YCdSa8t08Yo,0,1,1607270837.235255
,xssMPSURo2g,0,1,1607270837.2432349
,c5Kqtdov6kU,0,1,1607270837.2512133
,MoGuH3JbMPw&t=438s,0,1,1607270837.2601883
AJhM0hVXclg,MoGuH3JbMPw&t=438s,1,0,1607270842.5583773
AJhM0hVXclg,Cnjs83yowUM,0,0,1607270842.577347
AJhM0hVXclg,NqLfou39FNI,0,0,1607270842.5944967
AJhM0hVXclg,OPVp09z4CdA,0,0,1607270842.6111188
AJhM0hVXclg,uuX5M8rsRgM,0,0,1607270842.628074
AJhM0hVXclg,B3o9q0jbZY0,0,0,1607270842.6460257
AJhM0hVXclg,bPAdYOuaBYo,0,0,1607270842.664173
AJhM0hVXclg,qZGp1tYfmNE,0,0,1607270842.6811428
AJhM0hVXclg,2liJVO8nxv4,0,0,1607270842.6981385
AJhM0hVXclg,jk40w5sCPTs,0,0,1607270842.7200384
AJhM0hVXclg,Cw1y260Mecc,0,0,1607270842.7363958
AJhM0hVXclg,ydrQIcE7Ngw,0,0,1607270842.7563818
AJhM0hVXclg,SHK9AplQOgU,0,0,1607270842.774661
AJhM0hVXclg,N1RyOyVRIB4,0,0,1607270842.7914555
AJhM0hVXclg,cSOhwIOARWg,0,0,1607270842.808446
AJhM0hVXclg,SBlajc8mqKk,0,0,1607270842.8243117
AJhM0hVXclg,ZKnGPZ1mvoU,0,0,1607270842.8422637
AJhM0hVXclg,70khAyT15Hc,0,0,1607270842.8592188
AJhM0hVXclg,UQ962gPsX_U,0,0,1607270842.875545
AJhM0hVXclg,RwD-NMNfwlA,0,0,1607270842.8921285
,9n0sL5dZFME,1,1,1607271071.3554935
,_ylQEOeXCoE,0,1,1607271071.365381
,595c4nCu1Oo,0,1,1607271071.3745775
,zCFYTXx1ipQ,0,1,1607271071.3884804
,o4z5Q3pqzNI,0,1,1607271071.3974564
,py6o5u6QHhs,0,1,1607271071.406432
,SBlajc8mqKk,0,1,1607271071.4159398
,n4wb2ALiXtE,0,1,1607271071.4285316
,Cw2lzDHIe8I,0,1,1607271071.4384093
,rhc9RF9_NnY,0,1,1607271071.4483922
,yql-mpgNY2U,0,1,1607271071.4573703
,19YlDpSQBfE,0,1,1607271071.4711804
,19YlDpSQBfE,0,1,1607271071.4799843
,JvfEzTzDR5A,0,1,1607271071.48903
,YKRio-Yni9w,0,1,1607271071.4987338
,64apnQVzNIM,0,1,1607271071.506714
,YCdSa8t08Yo,0,1,1607271071.5166876
,xssMPSURo2g,0,1,1607271071.5282874
,3qquQqWGLJY,0,1,1607271071.5381014
,JIqDoDHEmVQ,0,1,1607271071.5470803
9n0sL5dZFME,2rN2WH927Lw,1,0,1607271076.8350136
9n0sL5dZFME,RbGpUemSXAA,0,0,1607271076.851934
9n0sL5dZFME,xljgbPh2cIE,0,0,1607271076.8683248
9n0sL5dZFME,dyZBLAuvN6Q,0,0,1607271076.8859248
9n0sL5dZFME,izmZfjvf3PU,0,0,1607271076.9018853
9n0sL5dZFME,dPvRYM7PWpk,0,0,1607271076.9192894
9n0sL5dZFME,bPAdYOuaBYo,0,0,1607271076.9362097
9n0sL5dZFME,CZDFuBBq1wI,0,0,1607271076.9551597
9n0sL5dZFME,ZLwCl3-3yJY,0,0,1607271076.973113
9n0sL5dZFME,N1RyOyVRIB4,0,0,1607271076.9940555
9n0sL5dZFME,cSOhwIOARWg,0,0,1607271077.0110118
9n0sL5dZFME,zFnc5GuIWhQ,0,0,1607271077.0269701
9n0sL5dZFME,Gr0fsppDVMg,0,0,1607271077.0439231
9n0sL5dZFME,nQtneUfaWE4,0,0,1607271077.0614734
9n0sL5dZFME,OPVp09z4CdA,0,0,1607271077.0783868
9n0sL5dZFME,-I9BdClHOTA,0,0,1607271077.095341
9n0sL5dZFME,jk40w5sCPTs,0,0,1607271077.1133265
9n0sL5dZFME,qNr6dEUMaZY,0,0,1607271077.1302855
9n0sL5dZFME,dP32yVH2WB0,0,0,1607271077.1472023
9n0sL5dZFME,yE8uorgjkTQ,0,0,1607271077.164156
,Cw2lzDHIe8I,1,1,1607271748.6926024
,ENc9DYFdJNw&t=2s,0,1,1607271748.7020602
,3-IFMIY2FUY,0,1,1607271748.712036
,MoGuH3JbMPw&t=474s,0,1,1607271748.723007
,rhc9RF9_NnY,0,1,1607271748.7329805
,Vx_aPcUj3eY,0,1,1607271748.744998
,sSA0rxrwc2g,0,1,1607271748.755099
,P3PR5Ovhro0,0,1,1607271748.7645698
,TcCdLtU8tkU,0,1,1607271748.7725332
,SBlajc8mqKk,0,1,1607271748.782507
,91Wgl9UGuLM,0,1,1607271748.795472
,19YlDpSQBfE,0,1,1607271748.8044484
,19YlDpSQBfE,0,1,1607271748.8154225
,JvfEzTzDR5A,0,1,1607271748.8283832
,YKRio-Yni9w,0,1,1607271748.838358
,64apnQVzNIM,0,1,1607271748.8473334
,YCdSa8t08Yo,0,1,1607271748.8622932
,xssMPSURo2g,0,1,1607271748.8718717
,44w78S01NGc,0,1,1607271748.881075
,gaQl3FNPkAM,0,1,1607271748.889056
Cw2lzDHIe8I,feb2oiX6WuQ,1,0,1607271754.20783
Cw2lzDHIe8I,I6nzwD5S8Gw,0,0,1607271754.2266026
Cw2lzDHIe8I,vTSVzeOdj8A,0,0,1607271754.243582
Cw2lzDHIe8I,6xkkivaiA70,0,0,1607271754.2615573
Cw2lzDHIe8I,ZNcaZvBgMSk,0,0,1607271754.2789302
Cw2lzDHIe8I,Uj0EVT-Ekog,0,0,1607271754.2955213
Cw2lzDHIe8I,Gr0fsppDVMg,0,0,1607271754.312864
Cw2lzDHIe8I,N1RyOyVRIB4,0,0,1607271754.330158
Cw2lzDHIe8I,70khAyT15Hc,0,0,1607271754.3471146
Cw2lzDHIe8I,Wa901cyXFJ0,0,0,1607271754.3645537
Cw2lzDHIe8I,CZDFuBBq1wI,0,0,1607271754.3811321
Cw2lzDHIe8I,Zjze0WqfDlo,0,0,1607271754.3983936
Cw2lzDHIe8I,OPVp09z4CdA,0,0,1607271754.41535
Cw2lzDHIe8I,jk40w5sCPTs,0,0,1607271754.433302
Cw2lzDHIe8I,qOb5aqarEsg,0,0,1607271754.4492965
Cw2lzDHIe8I,FCRDOH2IZ3Y,0,0,1607271754.4664257
Cw2lzDHIe8I,sKHO1AwGpuY,0,0,1607271754.485682
Cw2lzDHIe8I,zWyVK1QW6ZI,0,0,1607271754.5024002
Cw2lzDHIe8I,IBkRe2CdNTY,0,0,1607271754.5183575
Cw2lzDHIe8I,4MaiPWHwrDE,0,0,1607271754.5364804
,XFivQjlpOSQ,1,1,1607599298.066489
,HDi10-ZTQcY,0,1,1607599298.076462
,aS-xukL2EAI,0,1,1607599298.0934165
,EIrAYGJ5ugU,0,1,1607599298.108376
,gWM-hLNacu4,0,1,1607599298.1193469
,_YSsPQPq6qI,0,1,1607599298.1333096
,TdwwPP9oW4c,0,1,1607599298.1432827
,na0DkCscKkY,0,1,1607599298.1582427
,na0DkCscKkY,0,1,1607599298.1692138
,M8BloI8VHJ4,0,1,1607599298.1811812
,QA04cLDU4Cc,0,1,1607599298.1911557
,XGkews3wLNw,0,1,1607599298.2011285
,_ul_m08ubvw,0,1,1607599298.2160883
,gc1nXSpP_lc,0,1,1607599298.2260618
,MUj4fWfZmk4,0,1,1607599298.2360353
,Z-dezvnqwZY,0,1,1607599298.2499983
,g2TqngQKsAY,0,1,1607599298.2599702
,JZ0hDG-VLI4,0,1,1607599298.2759283
,MoGuH3JbMPw&t=474s,0,1,1607599298.2988672
,5XKxi7cAJcI,0,1,1607599298.3198118
XFivQjlpOSQ,MoGuH3JbMPw&t=474s,1,0,1607599303.6429627
XFivQjlpOSQ,983dGpvg85Q,0,0,1607599303.6609144
XFivQjlpOSQ,go01nxChr-s,0,0,1607599303.6779046
XFivQjlpOSQ,CZDFuBBq1wI,0,0,1607599303.6938257
XFivQjlpOSQ,aYV9vRImgUU,0,0,1607599303.71424
XFivQjlpOSQ,e8pTSqeJluQ,0,0,1607599303.732191
XFivQjlpOSQ,bAYzqj_24yw,0,0,1607599303.7491455
XFivQjlpOSQ,VLpVC1RE3tE,0,0,1607599303.7661004
XFivQjlpOSQ,-I9BdClHOTA,0,0,1607599303.7830546
XFivQjlpOSQ,6uMyzx--txg,0,0,1607599303.8000093
XFivQjlpOSQ,TpJP7IWFH7A,0,0,1607599303.8179615
XFivQjlpOSQ,bsh9zz88-AM,0,0,1607599303.8359125
XFivQjlpOSQ,nytRdBX5kZs,0,0,1607599303.8528676
XFivQjlpOSQ,W_FrwNQySvs,0,0,1607599303.8698225
XFivQjlpOSQ,py6o5u6QHhs,0,0,1607599303.8867772
XFivQjlpOSQ,G3MBswpm5yM,0,0,1607599303.9036765
XFivQjlpOSQ,OzUTHwuGLXY,0,0,1607599303.9206371
XFivQjlpOSQ,tWacyOAcHIo,0,0,1607599303.937344
XFivQjlpOSQ,dI66U0tIlI8,0,0,1607599303.9542994
XFivQjlpOSQ,lJ6udkwoMZ4,0,0,1607599303.9712524
,756ywSkSnl8,1,1,1607600197.8900802
,-qZQoZn-qkY,0,1,1607600197.9020877
,6uMyzx--txg,0,1,1607600197.9130163
,MoGuH3JbMPw&t=512s,0,1,1607600197.9233627
,JZ0hDG-VLI4,0,1,1607600197.935333
,zCE32ckwDTY,0,1,1607600197.9454644
,0wQ66vU3Kv8,0,1,1607600197.9544425
,na0DkCscKkY,0,1,1607600197.9632971
,na0DkCscKkY,0,1,1607600197.9722729
,M8BloI8VHJ4,0,1,1607600197.9801247
,QA04cLDU4Cc,0,1,1607600197.9900534
,XGkews3wLNw,0,1,1607600197.9980323
,_ul_m08ubvw,0,1,1607600198.0129917
,gc1nXSpP_lc,0,1,1607600198.0229998
,MUj4fWfZmk4,0,1,1607600198.0358818
,Z-dezvnqwZY,0,1,1607600198.044068
,hHwZptsCNZY&t=7s,0,1,1607600198.0523987
,EIrAYGJ5ugU,0,1,1607600198.061374
,g2TqngQKsAY,0,1,1607600198.0703678
,3xa-w2MTKRA,0,1,1607600198.07833
756ywSkSnl8,IrauF74kGv0,1,0,1607600203.404012
756ywSkSnl8,RbGpUemSXAA,0,0,1607600203.4229615
756ywSkSnl8,ZLwCl3-3yJY,0,0,1607600203.4409137
756ywSkSnl8,CZDFuBBq1wI,0,0,1607600203.4628553
756ywSkSnl8,84XS4CH5cOk,0,0,1607600203.4863007
756ywSkSnl8,cSOhwIOARWg,0,0,1607600203.5042517
756ywSkSnl8,_2x5Oj1DGos,0,0,1607600203.5235314
756ywSkSnl8,-1m1P75Ea8E,0,0,1607600203.5435185
756ywSkSnl8,arrEo0a6wDQ,0,0,1607600203.561162
756ywSkSnl8,-ZXcKWvb1M0,0,0,1607600203.5821097
756ywSkSnl8,jk40w5sCPTs,0,0,1607600203.6010563
756ywSkSnl8,HlMkAuB8CZY,0,0,1607600203.617015
756ywSkSnl8,NLKTmbXUWaA,0,0,1607600203.6338544
756ywSkSnl8,bsh9zz88-AM,0,0,1607600203.6498108
756ywSkSnl8,heC31ESiUrw,0,0,1607600203.6667666
756ywSkSnl8,l1wQE9XhFF0,0,0,1607600203.6842892
756ywSkSnl8,0UfDtO5cJmI,0,0,1607600203.701244
756ywSkSnl8,FCSaXPYJ1zk,0,0,1607600203.7180524
756ywSkSnl8,bVJclpNfZM0,0,0,1607600203.7340093
756ywSkSnl8,MoGuH3JbMPw,0,0,1607600203.7496443
,_bxMgNa8-UQ,1,1,1607600683.4829226
,hHwZptsCNZY&t=7s,0,1,1607600683.493892
,aS-xukL2EAI,0,1,1607600683.5068572
,-qZQoZn-qkY,0,1,1607600683.5188255
,3xa-w2MTKRA,0,1,1607600683.528798
,LVtn9Z1uuOo,0,1,1607600683.543551
,g2TqngQKsAY,0,1,1607600683.5525305
,M8BloI8VHJ4,0,1,1607600683.5615056
,M8BloI8VHJ4,0,1,1607600683.5714796
,na0DkCscKkY,0,1,1607600683.5794828
,QA04cLDU4Cc,0,1,1607600683.5936728
,XGkews3wLNw,0,1,1607600683.6026483
,_ul_m08ubvw,0,1,1607600683.6110444
,gc1nXSpP_lc,0,1,1607600683.6200361
,MUj4fWfZmk4,0,1,1607600683.6280284
,Z-dezvnqwZY,0,1,1607600683.6380055
,G8JWA7HPOV4,0,1,1607600683.6509407
,upJqt0rLU4g,0,1,1607600683.6589208
,lpNlUjl5cd0,0,1,1607600683.6708882
,sooyEN3jHtw,0,1,1607600683.6788664
_bxMgNa8-UQ,bsh9zz88-AM,1,0,1607600688.9865916
_bxMgNa8-UQ,mp_cxjWIxIE,0,0,1607600689.006505
_bxMgNa8-UQ,iOek_AnjuwM,0,0,1607600689.0234263
_bxMgNa8-UQ,_YSsPQPq6qI,0,0,1607600689.0425165
_bxMgNa8-UQ,6uMyzx--txg,0,0,1607600689.060704
_bxMgNa8-UQ,cSOhwIOARWg,0,0,1607600689.0826452
_bxMgNa8-UQ,7knvcKCF2gA,0,0,1607600689.0991454
_bxMgNa8-UQ,XFivQjlpOSQ,0,0,1607600689.1161005
_bxMgNa8-UQ,CZDFuBBq1wI,0,0,1607600689.1330552
_bxMgNa8-UQ,bAYzqj_24yw,0,0,1607600689.1510077
_bxMgNa8-UQ,zdViQUJV9yE,0,0,1607600689.1669638
_bxMgNa8-UQ,aYV9vRImgUU,0,0,1607600689.1869113
_bxMgNa8-UQ,RbGpUemSXAA,0,0,1607600689.2048879
_bxMgNa8-UQ,756ywSkSnl8,0,0,1607600689.2218761
_bxMgNa8-UQ,jk40w5sCPTs,0,0,1607600689.2388315
_bxMgNa8-UQ,MwfY552THjo,0,0,1607600689.2578156
_bxMgNa8-UQ,0UfDtO5cJmI,0,0,1607600689.275642
_bxMgNa8-UQ,XGkews3wLNw,0,0,1607600689.2945607
_bxMgNa8-UQ,FCSaXPYJ1zk,0,0,1607600689.3113618
_bxMgNa8-UQ,S7Wx3Xv24Pk,0,0,1607600689.3351045
,lpNlUjl5cd0,1,1,1607601102.2527034
,mg1nNUu1Xbo,0,1,1607601102.26357
,hofk59PFHgY,0,1,1607601102.2735841
,kyLveKYIzKY,0,1,1607601102.283519
,HGsRygODiVk,0,1,1607601102.2942395
,8OK8_tHeCIA,0,1,1607601102.3052137
,xIyS486TpOI,0,1,1607601102.3144748
,M8BloI8VHJ4,0,1,1607601102.3244522
,M8BloI8VHJ4,0,1,1607601102.3332798
,na0DkCscKkY,0,1,1607601102.342134
,QA04cLDU4Cc,0,1,1607601102.3547568
,XGkews3wLNw,0,1,1607601102.3637643
,_ul_m08ubvw,0,1,1607601102.372739
,gc1nXSpP_lc,0,1,1607601102.38069
,MUj4fWfZmk4,0,1,1607601102.389667
,Z-dezvnqwZY,0,1,1607601102.3978643
,upJqt0rLU4g,0,1,1607601102.4072196
,EIrAYGJ5ugU,0,1,1607601102.4150085
,sooyEN3jHtw,0,1,1607601102.4242697
,1cIXzTu1hm0,0,1,1607601102.4332483
lpNlUjl5cd0,CZDFuBBq1wI&t=119s,1,0,1607601107.744222
lpNlUjl5cd0,TJDc7BbqLMU,0,0,1607601107.7631695
lpNlUjl5cd0,ZLwCl3-3yJY,0,0,1607601107.7791271
lpNlUjl5cd0,MtyFwq08O90,0,0,1607601107.7970793
lpNlUjl5cd0,XFivQjlpOSQ,0,0,1607601107.8200185
lpNlUjl5cd0,YpobnGv-0SM,0,0,1607601107.838971
lpNlUjl5cd0,6uMyzx--txg,0,0,1607601107.8569205
lpNlUjl5cd0,D8NKyy0OF0Q,0,0,1607601107.8738751
lpNlUjl5cd0,7knvcKCF2gA,0,0,1607601107.8918262
lpNlUjl5cd0,qICCqWgGBUc,0,0,1607601107.908781
lpNlUjl5cd0,kBk-qqq011I,0,0,1607601107.924739
lpNlUjl5cd0,jk40w5sCPTs,0,0,1607601107.9412336
lpNlUjl5cd0,jlzLEXO90A4,0,0,1607601107.9581878
lpNlUjl5cd0,756ywSkSnl8,0,0,1607601107.975141
lpNlUjl5cd0,FXtcIk0d3GQ,0,0,1607601107.9930582
lpNlUjl5cd0,LTaW47Bc_ps,0,0,1607601108.0090158
lpNlUjl5cd0,bAYzqj_24yw,0,0,1607601108.0269673
lpNlUjl5cd0,0UfDtO5cJmI,0,0,1607601108.0439487
lpNlUjl5cd0,aZaTlaNHYeE,0,0,1607601108.0618742
lpNlUjl5cd0,64apnQVzNIM,0,0,1607601108.0782726
,veagsBRhfNM,1,1,1607601437.2992153
,aFesmxtMhh4,0,1,1607601437.3091893
,_YSsPQPq6qI&t=33s,0,1,1607601437.3351219
,g2TqngQKsAY,0,1,1607601437.360054
,GwtpsUU3JTU,0,1,1607601437.3909712
,1cIXzTu1hm0,0,1,1607601437.4119158
,nC6Z9UuY-BM,0,1,1607601437.4228876
,M8BloI8VHJ4,0,1,1607601437.4328606
,M8BloI8VHJ4,0,1,1607601437.44682
,na0DkCscKkY,0,1,1607601437.456794
,QA04cLDU4Cc,0,1,1607601437.4657695
,XGkews3wLNw,0,1,1607601437.4757435
,_ul_m08ubvw,0,1,1607601437.483723
,gc1nXSpP_lc,0,1,1607601437.4996793
,MUj4fWfZmk4,0,1,1607601437.5096529
,Z-dezvnqwZY,0,1,1607601437.522621
,xIyS486TpOI,0,1,1607601437.5315967
,zCE32ckwDTY,0,1,1607601437.540571
,LYXTbn-yR5c,0,1,1607601437.549584
,OBRIweIBbcs,0,1,1607601437.5585508
veagsBRhfNM,CZDFuBBq1wI&t=119s,1,0,1607601442.8743258
veagsBRhfNM,MtyFwq08O90,0,0,1607601442.8942704
veagsBRhfNM,XFivQjlpOSQ,0,0,1607601442.916213
veagsBRhfNM,y0ATRQO96qs,0,0,1607601442.942769
veagsBRhfNM,XGkews3wLNw,0,0,1607601442.9617257
veagsBRhfNM,aYV9vRImgUU,0,0,1607601442.9807007
veagsBRhfNM,7knvcKCF2gA,0,0,1607601443.0036054
veagsBRhfNM,jlzLEXO90A4,0,0,1607601443.02854
veagsBRhfNM,x5C3UjTmLkE,0,0,1607601443.052486
veagsBRhfNM,jk40w5sCPTs,0,0,1607601443.0724537
veagsBRhfNM,oyUx2-yTOLA,0,0,1607601443.0933669
veagsBRhfNM,6PH5iIUos8M,0,0,1607601443.1123168
veagsBRhfNM,6uMyzx--txg,0,0,1607601443.1372485
veagsBRhfNM,zCE32ckwDTY,0,0,1607601443.1562002
veagsBRhfNM,_n8POkf2QNM,0,0,1607601443.174149
veagsBRhfNM,bAYzqj_24yw,0,0,1607601443.1960924
veagsBRhfNM,FXtcIk0d3GQ,0,0,1607601443.2150397
veagsBRhfNM,0UfDtO5cJmI,0,0,1607601443.2375064
veagsBRhfNM,ooqgR6KPg14,0,0,1607601443.2564573
veagsBRhfNM,64apnQVzNIM,0,0,1607601443.2744076
,zCE32ckwDTY,1,1,1607601531.380497
,EWdU7GkS44k,0,1,1607601531.391758
,kyLveKYIzKY,0,1,1607601531.400736
,Cxk42AKlNlU,0,1,1607601531.4117067
,TDyECluhAFg,0,1,1607601531.4236753
,xIyS486TpOI,0,1,1607601531.4336483
,g2TqngQKsAY,0,1,1607601531.444619
,FMm89UrF550,0,1,1607601531.456587
,FMm89UrF550,0,1,1607601531.4658153
,M8BloI8VHJ4,0,1,1607601531.4747932
,na0DkCscKkY,0,1,1607601531.4836032
,QA04cLDU4Cc,0,1,1607601531.4925797
,XGkews3wLNw,0,1,1607601531.5015547
,_ul_m08ubvw,0,1,1607601531.510532
,gc1nXSpP_lc,0,1,1607601531.5224988
,MUj4fWfZmk4,0,1,1607601531.5314748
,Z-dezvnqwZY,0,1,1607601531.5414486
,64apnQVzNIM,0,1,1607601531.5494723
,URmu3cziKRQ,0,1,1607601531.5594006
,olM_PGpTnY0&t=7s,0,1,1607601531.567379
zCE32ckwDTY,CZDFuBBq1wI&t=119s,1,0,1607601536.9296603
zCE32ckwDTY,6gnlgdBobRA,0,0,1607601536.9575863
zCE32ckwDTY,ZLwCl3-3yJY,0,0,1607601536.974186
zCE32ckwDTY,jk40w5sCPTs,0,0,1607601536.996127
zCE32ckwDTY,MtyFwq08O90,0,0,1607601537.013396
zCE32ckwDTY,6uMyzx--txg,0,0,1607601537.0373383
zCE32ckwDTY,HlMkAuB8CZY,0,0,1607601537.0572793
zCE32ckwDTY,aYV9vRImgUU,0,0,1607601537.076278
zCE32ckwDTY,XFivQjlpOSQ,0,0,1607601537.0931726
zCE32ckwDTY,bAYzqj_24yw,0,0,1607601537.1100898
zCE32ckwDTY,gL-WNlKWxac,0,0,1607601537.1270447
zCE32ckwDTY,eKvKD0duhEE,0,0,1607601537.1439993
zCE32ckwDTY,6PH5iIUos8M,0,0,1607601537.1619518
zCE32ckwDTY,0UfDtO5cJmI,0,0,1607601537.1789067
zCE32ckwDTY,VbgC6rhy28g,0,0,1607601537.1976416
zCE32ckwDTY,jlzLEXO90A4,0,0,1607601537.2146204
zCE32ckwDTY,3K4j0fnFdJ0,0,0,1607601537.2324145
zCE32ckwDTY,URmu3cziKRQ,0,0,1607601537.2497232
zCE32ckwDTY,VLpVC1RE3tE,0,0,1607601537.2816386
zCE32ckwDTY,FXtcIk0d3GQ,0,0,1607601537.2981982
,rhc9RF9_NnY,1,1,1607601913.9336457
,rHufY2m_h4g,0,1,1607601913.943619
,aS-xukL2EAI,0,1,1607601913.9575803
,SPoQKiZSRnI,0,1,1607601913.9665577
,gC7ZpH3HNeY,0,1,1607601913.975536
,64apnQVzNIM,0,1,1607601913.9835134
,xIyS486TpOI,0,1,1607601913.9924896
,FMm89UrF550,0,1,1607601914.0004675
,FMm89UrF550,0,1,1607601914.0094433
,M8BloI8VHJ4,0,1,1607601914.01842
,na0DkCscKkY,0,1,1607601914.0273955
,QA04cLDU4Cc,0,1,1607601914.0403607
,XGkews3wLNw,0,1,1607601914.0483403
,_ul_m08ubvw,0,1,1607601914.0573137
,gc1nXSpP_lc,0,1,1607601914.065296
,MUj4fWfZmk4,0,1,1607601914.074272
,Z-dezvnqwZY,0,1,1607601914.0822496
,o4z5Q3pqzNI,0,1,1607601914.0902276
,fHDR5ueQ8R8,0,1,1607601914.1002007
,3xa-w2MTKRA,0,1,1607601914.108181
rhc9RF9_NnY,lwxLQnE4DHE,1,0,1607601919.4414585
rhc9RF9_NnY,sIO6GBZfCtw,0,0,1607601919.4604077
rhc9RF9_NnY,dSHiH4S0TTs,0,0,1607601919.4783614
rhc9RF9_NnY,dPvRYM7PWpk,0,0,1607601919.4953141
rhc9RF9_NnY,iKh-8sQ68bY,0,0,1607601919.513398
rhc9RF9_NnY,6PH5iIUos8M,0,0,1607601919.5323484
rhc9RF9_NnY,c6lvDgWVpkM,0,0,1607601919.5489087
rhc9RF9_NnY,SBlajc8mqKk,0,0,1607601919.5658402
rhc9RF9_NnY,RG9TMn1FJzc,0,0,1607601919.5847895
rhc9RF9_NnY,Ou2JJKvI9gU,0,0,1607601919.6046643
rhc9RF9_NnY,N1RyOyVRIB4,0,0,1607601919.6215925
rhc9RF9_NnY,UnLpT1KgGvQ,0,0,1607601919.6395457
rhc9RF9_NnY,gL-WNlKWxac,0,0,1607601919.6564982
rhc9RF9_NnY,64apnQVzNIM,0,0,1607601919.6724577
rhc9RF9_NnY,0UfDtO5cJmI,0,0,1607601919.690409
rhc9RF9_NnY,ubEvQNeKM2g,0,0,1607601919.7072005
rhc9RF9_NnY,URmu3cziKRQ,0,0,1607601919.7251527
rhc9RF9_NnY,_n8POkf2QNM,0,0,1607601919.743104
rhc9RF9_NnY,OPVp09z4CdA,0,0,1607601919.7590613
rhc9RF9_NnY,N3fRJg8hk-8,0,0,1607601919.7770133
